commodity,state,market,arrival_date,modal_price,price,min_price,max_price
Sugarcane,Uttar Pradesh,Wholesale Market,2025-09-26,332.8,332.8,299.52,366.08
Sugarcane,Tamil Nadu,Mandi,2025-05-28,255.96,255.96,230.37,281.56
Wheat,Karnataka,Agricultural Market,2025-08-23,2578.17,2578.17,2320.35,2835.98
Rice,Punjab,APMC Market,2025-07-26,2553.41,2553.41,2298.07,2808.75
Rice,Tamil Nadu,Mandi,2025-10-10,2028.64,2028.64,1825.78,2231.51
Sugarcane,Tamil Nadu,Mandi,2025-10-17,224.89,224.89,202.41,247.38
Cotton,Haryana,Mandi,2025-08-20,3963.66,3963.66,3567.3,4360.03
Potato,Karnataka,APMC Market,2025-09-20,23.57,23.57,21.22,25.93
Sugarcane,Tamil Nadu,Wholesale Market,2025-07-19,315.9,315.9,284.31,347.5
Onion,Punjab,Agricultural Market,2025-06-09,19.67,19.67,17.7,21.64
Rice,Tamil Nadu,Wholesale Market,2025-06-05,2343.43,2343.43,2109.09,2577.77
Sugarcane,Uttar Pradesh,APMC Market,2025-07-30,310.14,310.14,279.13,341.15
Sugarcane,Tamil Nadu,Mandi,2025-07-24,280.02,280.02,252.02,308.03
Cotton,Uttar Pradesh,Wholesale Market,2025-10-10,4128.71,4128.71,3715.84,4541.58
Sugarcane,Uttar Pradesh,Mandi,2025-09-08,241.44,241.44,217.29,265.58
Potato,Karnataka,Mandi,2025-11-17,18.27,18.27,16.44,20.1
Sugarcane,Punjab,APMC Market,2025-11-08,210.15,210.15,189.13,231.16
Rice,Karnataka,Agricultural Market,2025-10-04,2577.67,2577.67,2319.9,2835.44
Tomato,Maharashtra,Agricultural Market,2025-07-01,28.55,28.55,25.69,31.4
Tomato,Uttar Pradesh,Wholesale Market,2025-08-09,34.27,34.27,30.84,37.7
Cotton,Haryana,Agricultural Market,2025-07-05,4750.76,4750.76,4275.69,5225.84
Onion,Maharashtra,Wholesale Market,2025-08-22,27.17,27.17,24.46,29.89
Wheat,Uttar Pradesh,Mandi,2025-09-03,2504.12,2504.12,2253.71,2754.53
Onion,Karnataka,APMC Market,2025-10-29,25.98,25.98,23.39,28.58
Tomato,Uttar Pradesh,APMC Market,2025-08-18,27.52,27.52,24.77,30.27
Tomato,Haryana,Wholesale Market,2025-11-03,29.4,29.4,26.46,32.34
Wheat,Haryana,Wholesale Market,2025-11-11,2235.12,2235.12,2011.61,2458.63
Rice,Haryana,Wholesale Market,2025-10-17,2501.03,2501.03,2250.93,2751.13
Rice,Haryana,Wholesale Market,2025-07-11,3033.16,3033.16,2729.84,3336.47
Tomato,Punjab,Agricultural Market,2025-08-11,35.64,35.64,32.08,39.2
Potato,Uttar Pradesh,Agricultural Market,2025-09-25,14.08,14.08,12.68,15.49
Wheat,Uttar Pradesh,Agricultural Market,2025-09-02,2018.74,2018.74,1816.86,2220.61
Cotton,Maharashtra,Agricultural Market,2025-11-09,3980.65,3980.65,3582.58,4378.71
Wheat,Punjab,Wholesale Market,2025-11-07,1505.99,1505.99,1355.39,1656.58
Cotton,Maharashtra,APMC Market,2025-07-26,3703.63,3703.63,3333.27,4073.99
Sugarcane,Haryana,APMC Market,2025-11-14,380.88,380.88,342.79,418.96
Sugarcane,Punjab,Wholesale Market,2025-09-25,269.14,269.14,242.22,296.05
Potato,Karnataka,Mandi,2025-08-22,15.34,15.34,13.81,16.88
Wheat,Punjab,APMC Market,2025-09-27,1804.59,1804.59,1624.14,1985.05
Rice,Tamil Nadu,Mandi,2025-06-08,2657.08,2657.08,2391.37,2922.79
Sugarcane,Maharashtra,Wholesale Market,2025-08-16,316.93,316.93,285.24,348.62
Sugarcane,Uttar Pradesh,Agricultural Market,2025-08-11,380.32,380.32,342.28,418.35
Rice,Karnataka,Wholesale Market,2025-11-10,2940.43,2940.43,2646.38,3234.47
Cotton,Maharashtra,APMC Market,2025-06-25,5231.29,5231.29,4708.16,5754.41
Wheat,Karnataka,Mandi,2025-11-13,2026.31,2026.31,1823.68,2228.94
Tomato,Punjab,APMC Market,2025-06-18,21.11,21.11,19.0,23.22
Sugarcane,Maharashtra,APMC Market,2025-07-02,313.18,313.18,281.86,344.5
Wheat,Maharashtra,APMC Market,2025-09-01,2138.49,2138.49,1924.64,2352.34
Tomato,Punjab,Mandi,2025-11-19,25.38,25.38,22.84,27.91
Onion,Haryana,Mandi,2025-09-30,18.34,18.34,16.51,20.17
Sugarcane,Karnataka,APMC Market,2025-09-09,374.94,374.94,337.44,412.43
Sugarcane,Punjab,Mandi,2025-11-04,213.75,213.75,192.38,235.13
Wheat,Karnataka,APMC Market,2025-08-06,1491.27,1491.27,1342.14,1640.4
Cotton,Punjab,Mandi,2025-07-14,4383.6,4383.6,3945.24,4821.96
Sugarcane,Tamil Nadu,APMC Market,2025-11-07,241.48,241.48,217.34,265.63
Rice,Karnataka,Wholesale Market,2025-11-02,2979.05,2979.05,2681.15,3276.96
Wheat,Haryana,APMC Market,2025-05-29,2317.66,2317.66,2085.89,2549.42
Potato,Maharashtra,Agricultural Market,2025-06-23,25.1,25.1,22.59,27.61
Rice,Karnataka,Wholesale Market,2025-09-02,2869.6,2869.6,2582.64,3156.56
Tomato,Tamil Nadu,Agricultural Market,2025-07-28,22.66,22.66,20.39,24.93
Rice,Haryana,APMC Market,2025-10-14,2090.13,2090.13,1881.12,2299.15
Rice,Karnataka,Mandi,2025-08-17,2827.8,2827.8,2545.02,3110.58
Rice,Uttar Pradesh,Agricultural Market,2025-10-25,2114.08,2114.08,1902.68,2325.49
Potato,Haryana,Mandi,2025-07-08,19.55,19.55,17.59,21.5
Cotton,Karnataka,Agricultural Market,2025-11-01,5847.01,5847.01,5262.31,6431.71
Potato,Punjab,Wholesale Market,2025-10-31,14.45,14.45,13.0,15.89
Rice,Haryana,APMC Market,2025-09-02,2779.68,2779.68,2501.71,3057.65
Tomato,Karnataka,Agricultural Market,2025-06-25,34.61,34.61,31.15,38.07
Tomato,Uttar Pradesh,Wholesale Market,2025-08-09,28.37,28.37,25.53,31.2
Tomato,Haryana,Mandi,2025-09-13,36.24,36.24,32.62,39.87
Cotton,Karnataka,Mandi,2025-05-29,4502.2,4502.2,4051.98,4952.42
Cotton,Maharashtra,Agricultural Market,2025-06-21,5680.49,5680.49,5112.44,6248.54
Rice,Haryana,Wholesale Market,2025-08-07,3189.16,3189.16,2870.25,3508.08
Potato,Uttar Pradesh,Mandi,2025-07-15,24.27,24.27,21.84,26.7
Wheat,Haryana,Agricultural Market,2025-07-21,1677.52,1677.52,1509.76,1845.27
Onion,Maharashtra,APMC Market,2025-09-20,17.77,17.77,15.99,19.55
Potato,Karnataka,APMC Market,2025-07-17,19.02,19.02,17.12,20.92
Tomato,Uttar Pradesh,Agricultural Market,2025-08-19,28.78,28.78,25.9,31.66
Potato,Punjab,Mandi,2025-09-02,23.39,23.39,21.05,25.73
Onion,Tamil Nadu,Agricultural Market,2025-09-14,28.1,28.1,25.29,30.91
Wheat,Uttar Pradesh,Agricultural Market,2025-11-01,1540.97,1540.97,1386.87,1695.07
Potato,Haryana,Mandi,2025-07-14,16.94,16.94,15.25,18.64
Cotton,Uttar Pradesh,APMC Market,2025-09-03,5695.17,5695.17,5125.66,6264.69
Tomato,Maharashtra,Wholesale Market,2025-08-12,22.15,22.15,19.93,24.36
Rice,Maharashtra,APMC Market,2025-10-07,2955.75,2955.75,2660.17,3251.32
Wheat,Tamil Nadu,APMC Market,2025-07-10,2104.83,2104.83,1894.35,2315.31
Sugarcane,Punjab,Wholesale Market,2025-08-22,343.7,343.7,309.33,378.07
Rice,Tamil Nadu,Wholesale Market,2025-10-06,2443.92,2443.92,2199.53,2688.31
Potato,Tamil Nadu,Mandi,2025-09-17,15.06,15.06,13.56,16.57
Cotton,Maharashtra,Agricultural Market,2025-05-30,5841.8,5841.8,5257.62,6425.98
Tomato,Tamil Nadu,Agricultural Market,2025-09-25,33.44,33.44,30.09,36.78
Wheat,Uttar Pradesh,Wholesale Market,2025-06-03,2103.59,2103.59,1893.23,2313.95
Wheat,Punjab,Agricultural Market,2025-10-15,1884.67,1884.67,1696.2,2073.13
Cotton,Uttar Pradesh,Mandi,2025-08-26,6022.45,6022.45,5420.2,6624.69
Wheat,Punjab,APMC Market,2025-10-15,1761.69,1761.69,1585.52,1937.86
Potato,Maharashtra,Agricultural Market,2025-06-15,25.44,25.44,22.9,27.99
Rice,Karnataka,Agricultural Market,2025-11-09,2995.73,2995.73,2696.16,3295.31
Onion,Tamil Nadu,Mandi,2025-08-25,32.13,32.13,28.92,35.34
Cotton,Punjab,APMC Market,2025-07-08,4457.11,4457.11,4011.4,4902.82
Rice,Tamil Nadu,Mandi,2025-07-29,2748.27,2748.27,2473.44,3023.1
Onion,Haryana,Wholesale Market,2025-10-11,18.86,18.86,16.98,20.75
Cotton,Uttar Pradesh,Wholesale Market,2025-07-19,5688.14,5688.14,5119.32,6256.95
Rice,Maharashtra,Mandi,2025-07-22,2827.78,2827.78,2545.0,3110.56
Tomato,Punjab,APMC Market,2025-11-23,23.59,23.59,21.23,25.95
Rice,Punjab,Agricultural Market,2025-08-11,2906.11,2906.11,2615.5,3196.72
Wheat,Punjab,Mandi,2025-10-20,1445.22,1445.22,1300.7,1589.74
Potato,Karnataka,Agricultural Market,2025-07-07,17.04,17.04,15.33,18.74
Onion,Uttar Pradesh,Wholesale Market,2025-10-11,20.26,20.26,18.23,22.28
Rice,Haryana,APMC Market,2025-07-08,2078.54,2078.54,1870.69,2286.4
Sugarcane,Karnataka,Wholesale Market,2025-07-04,294.38,294.38,264.94,323.82
Rice,Karnataka,Wholesale Market,2025-07-14,2714.08,2714.08,2442.67,2985.49
Wheat,Maharashtra,Wholesale Market,2025-09-26,1886.41,1886.41,1697.77,2075.05
Tomato,Tamil Nadu,Mandi,2025-06-15,33.53,33.53,30.17,36.88
Sugarcane,Uttar Pradesh,Agricultural Market,2025-10-22,268.64,268.64,241.77,295.5
Tomato,Uttar Pradesh,Mandi,2025-05-28,22.51,22.51,20.26,24.76
Cotton,Uttar Pradesh,APMC Market,2025-07-09,3624.25,3624.25,3261.82,3986.67
Wheat,Punjab,APMC Market,2025-08-16,2092.38,2092.38,1883.14,2301.62
Tomato,Maharashtra,Wholesale Market,2025-06-11,37.29,37.29,33.56,41.02
Wheat,Punjab,Agricultural Market,2025-10-26,2031.29,2031.29,1828.16,2234.42
Sugarcane,Uttar Pradesh,Agricultural Market,2025-08-23,312.14,312.14,280.92,343.35
Sugarcane,Maharashtra,Wholesale Market,2025-11-04,377.59,377.59,339.83,415.35
Rice,Karnataka,Mandi,2025-07-12,1906.25,1906.25,1715.63,2096.88
Tomato,Karnataka,APMC Market,2025-09-24,26.37,26.37,23.73,29.0
Rice,Maharashtra,Mandi,2025-09-13,2343.53,2343.53,2109.18,2577.88
Rice,Haryana,Mandi,2025-07-04,2398.32,2398.32,2158.48,2638.15
Rice,Uttar Pradesh,Wholesale Market,2025-09-24,3119.4,3119.4,2807.46,3431.34
Sugarcane,Maharashtra,Wholesale Market,2025-08-18,228.21,228.21,205.39,251.03
Cotton,Tamil Nadu,Mandi,2025-10-03,4668.92,4668.92,4202.02,5135.81
Cotton,Uttar Pradesh,Mandi,2025-11-02,5965.21,5965.21,5368.69,6561.73
Potato,Tamil Nadu,Mandi,2025-10-03,24.1,24.1,21.69,26.51
Tomato,Karnataka,Agricultural Market,2025-06-20,26.5,26.5,23.85,29.15
Cotton,Haryana,APMC Market,2025-07-22,5827.46,5827.46,5244.72,6410.21
Onion,Haryana,Wholesale Market,2025-06-05,27.84,27.84,25.06,30.63
Tomato,Uttar Pradesh,Mandi,2025-10-29,29.88,29.88,26.89,32.87
Tomato,Karnataka,Agricultural Market,2025-06-05,22.2,22.2,19.98,24.42
Wheat,Haryana,Mandi,2025-06-25,1883.13,1883.13,1694.81,2071.44
Sugarcane,Maharashtra,Wholesale Market,2025-07-16,328.66,328.66,295.79,361.52
Wheat,Haryana,APMC Market,2025-09-19,2439.13,2439.13,2195.22,2683.04
Onion,Maharashtra,APMC Market,2025-05-28,29.21,29.21,26.29,32.13
Cotton,Maharashtra,APMC Market,2025-08-19,4675.73,4675.73,4208.16,5143.3
Onion,Tamil Nadu,Mandi,2025-06-22,31.18,31.18,28.06,34.3
Sugarcane,Karnataka,Wholesale Market,2025-09-20,271.85,271.85,244.66,299.03
Rice,Maharashtra,Wholesale Market,2025-10-23,2156.74,2156.74,1941.06,2372.41
Sugarcane,Karnataka,Mandi,2025-06-19,228.9,228.9,206.01,251.79
Sugarcane,Karnataka,Mandi,2025-09-05,288.63,288.63,259.77,317.49
Onion,Tamil Nadu,Agricultural Market,2025-06-29,29.9,29.9,26.91,32.89
Wheat,Maharashtra,Agricultural Market,2025-06-09,2206.54,2206.54,1985.88,2427.19
Tomato,Uttar Pradesh,APMC Market,2025-07-27,26.27,26.27,23.64,28.9
Onion,Karnataka,APMC Market,2025-10-24,26.53,26.53,23.88,29.18
Cotton,Tamil Nadu,Mandi,2025-06-20,4413.91,4413.91,3972.52,4855.3
Tomato,Punjab,Mandi,2025-10-16,31.99,31.99,28.79,35.19
Onion,Karnataka,Mandi,2025-08-20,24.13,24.13,21.72,26.55
Rice,Karnataka,Wholesale Market,2025-11-20,2157.29,2157.29,1941.56,2373.01
Rice,Haryana,Mandi,2025-09-30,1934.02,1934.02,1740.62,2127.42
Cotton,Haryana,Wholesale Market,2025-08-27,3593.55,3593.55,3234.19,3952.9
Sugarcane,Karnataka,APMC Market,2025-11-19,344.32,344.32,309.88,378.75
Cotton,Tamil Nadu,APMC Market,2025-11-18,5491.74,5491.74,4942.57,6040.92
Tomato,Maharashtra,APMC Market,2025-07-13,35.56,35.56,32.01,39.12
Rice,Maharashtra,Mandi,2025-05-30,1767.1,1767.1,1590.39,1943.81
Cotton,Maharashtra,Mandi,2025-09-02,6017.87,6017.87,5416.09,6619.66
Sugarcane,Karnataka,Agricultural Market,2025-09-02,363.51,363.51,327.16,399.86
Tomato,Maharashtra,Wholesale Market,2025-07-02,22.19,22.19,19.97,24.41
Tomato,Maharashtra,Agricultural Market,2025-07-09,23.37,23.37,21.03,25.71
Potato,Maharashtra,Agricultural Market,2025-11-05,23.63,23.63,21.27,25.99
Cotton,Karnataka,Agricultural Market,2025-11-02,5706.84,5706.84,5136.16,6277.53
Tomato,Maharashtra,APMC Market,2025-06-30,26.11,26.11,23.5,28.73
Tomato,Punjab,Agricultural Market,2025-09-15,21.56,21.56,19.4,23.71
Cotton,Karnataka,Mandi,2025-11-10,5570.72,5570.72,5013.65,6127.79
Cotton,Karnataka,Mandi,2025-06-15,4307.43,4307.43,3876.69,4738.18
Onion,Haryana,Agricultural Market,2025-06-21,24.85,24.85,22.37,27.34
Potato,Tamil Nadu,Mandi,2025-09-20,22.1,22.1,19.89,24.31
Rice,Haryana,Agricultural Market,2025-06-18,2038.22,2038.22,1834.4,2242.04
Potato,Karnataka,Mandi,2025-07-26,21.79,21.79,19.61,23.97
Sugarcane,Punjab,Agricultural Market,2025-07-21,352.81,352.81,317.53,388.1
Cotton,Haryana,APMC Market,2025-10-25,5314.29,5314.29,4782.86,5845.72
Rice,Tamil Nadu,Agricultural Market,2025-07-04,3007.33,3007.33,2706.6,3308.07
Rice,Maharashtra,Mandi,2025-10-10,2821.49,2821.49,2539.34,3103.64
Wheat,Maharashtra,Agricultural Market,2025-07-16,1867.32,1867.32,1680.59,2054.05
Wheat,Uttar Pradesh,Wholesale Market,2025-11-02,1429.03,1429.03,1286.13,1571.94
Wheat,Maharashtra,Wholesale Market,2025-07-14,1669.38,1669.38,1502.44,1836.32
Cotton,Maharashtra,Wholesale Market,2025-08-05,5368.78,5368.78,4831.91,5905.66
Cotton,Maharashtra,Agricultural Market,2025-08-24,5599.86,5599.86,5039.87,6159.84
Onion,Uttar Pradesh,Mandi,2025-09-04,32.39,32.39,29.15,35.63
Cotton,Tamil Nadu,Mandi,2025-10-19,4400.21,4400.21,3960.19,4840.23
Sugarcane,Haryana,Agricultural Market,2025-07-10,212.69,212.69,191.42,233.96
Sugarcane,Punjab,Wholesale Market,2025-11-20,252.83,252.83,227.55,278.11
Tomato,Haryana,Wholesale Market,2025-07-22,30.68,30.68,27.62,33.75
Cotton,Punjab,APMC Market,2025-06-26,6469.59,6469.59,5822.63,7116.55
Sugarcane,Haryana,APMC Market,2025-10-27,368.05,368.05,331.25,404.86
Wheat,Maharashtra,Wholesale Market,2025-06-01,1622.17,1622.17,1459.95,1784.38
Tomato,Haryana,Mandi,2025-05-29,26.03,26.03,23.43,28.63
Rice,Punjab,Mandi,2025-09-28,2087.63,2087.63,1878.87,2296.39
Onion,Punjab,Mandi,2025-06-17,23.42,23.42,21.08,25.76
Potato,Punjab,APMC Market,2025-08-28,23.54,23.54,21.18,25.89
Rice,Maharashtra,Mandi,2025-06-12,2050.79,2050.79,1845.71,2255.87
Cotton,Punjab,Wholesale Market,2025-05-31,4747.68,4747.68,4272.91,5222.45
Tomato,Uttar Pradesh,Wholesale Market,2025-10-08,34.5,34.5,31.05,37.95
Wheat,Punjab,Mandi,2025-09-20,2297.01,2297.01,2067.31,2526.71
Tomato,Maharashtra,Wholesale Market,2025-10-12,34.62,34.62,31.16,38.08
Potato,Uttar Pradesh,Agricultural Market,2025-06-14,21.59,21.59,19.43,23.74
Cotton,Tamil Nadu,Mandi,2025-06-11,4728.98,4728.98,4256.09,5201.88
Onion,Karnataka,Agricultural Market,2025-09-26,26.16,26.16,23.55,28.78
Potato,Maharashtra,Mandi,2025-09-23,18.43,18.43,16.58,20.27
Cotton,Haryana,Mandi,2025-10-01,5786.8,5786.8,5208.12,6365.48
Potato,Uttar Pradesh,APMC Market,2025-07-08,18.38,18.38,16.54,20.21
Cotton,Maharashtra,Wholesale Market,2025-06-10,4673.01,4673.01,4205.71,5140.31
Wheat,Punjab,Agricultural Market,2025-05-31,2522.95,2522.95,2270.65,2775.24
Onion,Tamil Nadu,Wholesale Market,2025-09-09,29.58,29.58,26.62,32.54
Potato,Uttar Pradesh,Mandi,2025-08-23,17.93,17.93,16.14,19.72
Wheat,Karnataka,Mandi,2025-06-23,2196.68,2196.68,1977.01,2416.35
Sugarcane,Maharashtra,APMC Market,2025-09-09,247.01,247.01,222.31,271.71
Wheat,Uttar Pradesh,Wholesale Market,2025-11-04,1919.2,1919.2,1727.28,2111.12
Potato,Uttar Pradesh,Wholesale Market,2025-07-28,18.81,18.81,16.93,20.7
Onion,Maharashtra,Mandi,2025-07-14,25.04,25.04,22.54,27.55
Sugarcane,Tamil Nadu,Wholesale Market,2025-08-01,235.34,235.34,211.81,258.88
Rice,Punjab,APMC Market,2025-09-22,2475.66,2475.66,2228.1,2723.23
Rice,Punjab,Agricultural Market,2025-11-06,2586.8,2586.8,2328.12,2845.48
Wheat,Punjab,APMC Market,2025-11-19,2436.46,2436.46,2192.81,2680.1
Cotton,Maharashtra,Mandi,2025-11-22,3893.07,3893.07,3503.76,4282.38
Cotton,Karnataka,Mandi,2025-08-19,5583.15,5583.15,5024.84,6141.47
Cotton,Punjab,Wholesale Market,2025-11-16,4646.69,4646.69,4182.02,5111.36
Cotton,Haryana,APMC Market,2025-11-09,4663.89,4663.89,4197.5,5130.28
Cotton,Haryana,APMC Market,2025-07-15,5841.77,5841.77,5257.59,6425.94
Onion,Maharashtra,Mandi,2025-11-18,18.12,18.12,16.31,19.93
Potato,Karnataka,Mandi,2025-10-06,20.24,20.24,18.22,22.26
Rice,Maharashtra,Wholesale Market,2025-06-03,2473.28,2473.28,2225.95,2720.6
Cotton,Punjab,Mandi,2025-09-09,5266.28,5266.28,4739.65,5792.91
Potato,Karnataka,Wholesale Market,2025-09-02,22.35,22.35,20.12,24.59
Potato,Haryana,APMC Market,2025-09-18,18.09,18.09,16.28,19.9
Sugarcane,Maharashtra,Wholesale Market,2025-08-27,217.76,217.76,195.99,239.54
Potato,Tamil Nadu,Mandi,2025-08-18,24.86,24.86,22.38,27.35
Onion,Uttar Pradesh,Wholesale Market,2025-10-10,31.65,31.65,28.48,34.81
Potato,Punjab,APMC Market,2025-11-08,14.31,14.31,12.87,15.74
Potato,Karnataka,Wholesale Market,2025-08-25,19.63,19.63,17.67,21.6
Sugarcane,Uttar Pradesh,APMC Market,2025-09-06,316.9,316.9,285.21,348.6
Sugarcane,Uttar Pradesh,Wholesale Market,2025-08-04,251.46,251.46,226.32,276.61
Potato,Uttar Pradesh,APMC Market,2025-11-03,15.17,15.17,13.65,16.69
Sugarcane,Karnataka,APMC Market,2025-11-18,280.5,280.5,252.45,308.55
Potato,Punjab,Mandi,2025-09-27,25.85,25.85,23.26,28.43
Tomato,Tamil Nadu,Mandi,2025-07-02,31.39,31.39,28.25,34.53
Rice,Tamil Nadu,Wholesale Market,2025-08-30,3150.51,3150.51,2835.46,3465.56
Tomato,Uttar Pradesh,APMC Market,2025-10-21,28.44,28.44,25.6,31.29
Onion,Tamil Nadu,Mandi,2025-06-27,24.33,24.33,21.89,26.76
Rice,Uttar Pradesh,APMC Market,2025-09-30,2513.27,2513.27,2261.95,2764.6
Tomato,Uttar Pradesh,APMC Market,2025-06-04,24.36,24.36,21.93,26.8
Cotton,Uttar Pradesh,Wholesale Market,2025-08-16,6322.69,6322.69,5690.42,6954.96
Wheat,Karnataka,Wholesale Market,2025-11-09,1524.88,1524.88,1372.4,1677.37
Cotton,Haryana,APMC Market,2025-10-12,4162.2,4162.2,3745.98,4578.42
Potato,Tamil Nadu,Wholesale Market,2025-05-28,21.89,21.89,19.7,24.08
Onion,Haryana,Wholesale Market,2025-06-28,28.38,28.38,25.54,31.22
Sugarcane,Karnataka,Mandi,2025-07-10,364.74,364.74,328.26,401.21
Onion,Maharashtra,APMC Market,2025-07-26,18.66,18.66,16.8,20.53
Cotton,Karnataka,Mandi,2025-07-28,4943.14,4943.14,4448.82,5437.45
Sugarcane,Haryana,Wholesale Market,2025-06-12,299.39,299.39,269.46,329.33
Tomato,Haryana,Wholesale Market,2025-06-04,22.44,22.44,20.19,24.68
Potato,Karnataka,Mandi,2025-09-04,22.28,22.28,20.06,24.51
Onion,Uttar Pradesh,Agricultural Market,2025-09-07,25.14,25.14,22.63,27.65
Potato,Karnataka,Wholesale Market,2025-09-05,19.48,19.48,17.53,21.42
Wheat,Punjab,Mandi,2025-11-07,1466.64,1466.64,1319.98,1613.31
Cotton,Punjab,APMC Market,2025-11-24,3699.52,3699.52,3329.57,4069.47
Onion,Tamil Nadu,APMC Market,2025-08-07,24.19,24.19,21.77,26.61
Rice,Karnataka,Mandi,2025-05-29,1800.79,1800.79,1620.71,1980.86
Wheat,Karnataka,APMC Market,2025-09-06,2533.19,2533.19,2279.87,2786.51
Tomato,Punjab,Wholesale Market,2025-11-06,30.65,30.65,27.58,33.71
Sugarcane,Haryana,APMC Market,2025-06-24,317.4,317.4,285.66,349.14
Potato,Haryana,APMC Market,2025-06-09,22.29,22.29,20.06,24.52
Cotton,Punjab,Agricultural Market,2025-09-09,4095.47,4095.47,3685.92,4505.02
Cotton,Punjab,Mandi,2025-10-07,5809.28,5809.28,5228.35,6390.2
Onion,Punjab,APMC Market,2025-06-27,21.06,21.06,18.95,23.17
Tomato,Haryana,Mandi,2025-11-15,29.16,29.16,26.24,32.07
Sugarcane,Maharashtra,Mandi,2025-11-07,298.75,298.75,268.87,328.62
Tomato,Uttar Pradesh,APMC Market,2025-11-10,23.73,23.73,21.36,26.11
Onion,Haryana,Wholesale Market,2025-10-22,18.72,18.72,16.85,20.59
Onion,Maharashtra,Agricultural Market,2025-07-16,23.93,23.93,21.54,26.33
Potato,Tamil Nadu,Mandi,2025-09-26,18.9,18.9,17.01,20.79
Cotton,Karnataka,Mandi,2025-11-24,6160.24,6160.24,5544.22,6776.26
Sugarcane,Karnataka,Agricultural Market,2025-11-12,221.17,221.17,199.05,243.28
Potato,Uttar Pradesh,Agricultural Market,2025-06-11,17.64,17.64,15.87,19.4
Tomato,Karnataka,Agricultural Market,2025-08-09,26.6,26.6,23.94,29.26
Sugarcane,Uttar Pradesh,APMC Market,2025-09-21,287.3,287.3,258.57,316.03
Sugarcane,Uttar Pradesh,Agricultural Market,2025-08-06,221.46,221.46,199.32,243.61
Rice,Maharashtra,APMC Market,2025-07-28,2805.88,2805.88,2525.29,3086.47
Onion,Karnataka,APMC Market,2025-07-03,24.62,24.62,22.16,27.08
Potato,Karnataka,Mandi,2025-10-24,23.69,23.69,21.33,26.06
Onion,Tamil Nadu,APMC Market,2025-11-03,30.53,30.53,27.47,33.58
Potato,Punjab,Agricultural Market,2025-07-31,17.93,17.93,16.14,19.72
Cotton,Haryana,Wholesale Market,2025-10-01,3751.21,3751.21,3376.09,4126.33
Cotton,Tamil Nadu,Mandi,2025-09-18,5746.98,5746.98,5172.28,6321.68
Tomato,Punjab,Mandi,2025-09-13,24.55,24.55,22.09,27.0
Potato,Haryana,Mandi,2025-11-17,17.23,17.23,15.51,18.96
Cotton,Tamil Nadu,APMC Market,2025-10-06,4081.69,4081.69,3673.52,4489.86
Rice,Tamil Nadu,APMC Market,2025-08-22,2121.48,2121.48,1909.33,2333.63
Wheat,Karnataka,Wholesale Market,2025-09-20,1866.95,1866.95,1680.26,2053.65
Rice,Maharashtra,Wholesale Market,2025-06-10,2302.17,2302.17,2071.96,2532.39
Potato,Uttar Pradesh,APMC Market,2025-08-16,14.45,14.45,13.0,15.89
Onion,Tamil Nadu,APMC Market,2025-10-30,21.87,21.87,19.68,24.06
Onion,Punjab,Agricultural Market,2025-07-23,23.64,23.64,21.28,26.01
Cotton,Haryana,APMC Market,2025-10-26,5775.01,5775.01,5197.5,6352.51
Rice,Maharashtra,Mandi,2025-11-23,3165.43,3165.43,2848.89,3481.98
Cotton,Maharashtra,Wholesale Market,2025-10-27,5849.87,5849.87,5264.89,6434.86
Sugarcane,Karnataka,Wholesale Market,2025-11-05,274.06,274.06,246.65,301.46
Onion,Maharashtra,Wholesale Market,2025-07-08,27.86,27.86,25.08,30.65
Sugarcane,Uttar Pradesh,Mandi,2025-10-20,219.16,219.16,197.24,241.07
Wheat,Karnataka,Mandi,2025-10-04,2107.78,2107.78,1897.01,2318.56
Tomato,Maharashtra,Wholesale Market,2025-09-08,23.84,23.84,21.45,26.22
Tomato,Karnataka,Wholesale Market,2025-09-24,37.77,37.77,34.0,41.55
Rice,Karnataka,APMC Market,2025-07-14,1928.73,1928.73,1735.85,2121.6
Cotton,Punjab,Mandi,2025-06-12,4748.38,4748.38,4273.54,5223.21
Sugarcane,Uttar Pradesh,Mandi,2025-08-07,357.6,357.6,321.84,393.36
Cotton,Tamil Nadu,Wholesale Market,2025-09-15,3772.55,3772.55,3395.3,4149.81
Wheat,Maharashtra,APMC Market,2025-11-24,1591.3,1591.3,1432.17,1750.43
Onion,Uttar Pradesh,Wholesale Market,2025-06-01,26.03,26.03,23.43,28.63
Sugarcane,Tamil Nadu,Agricultural Market,2025-08-20,240.65,240.65,216.59,264.72
Sugarcane,Maharashtra,APMC Market,2025-07-26,364.06,364.06,327.66,400.47
Potato,Uttar Pradesh,Agricultural Market,2025-05-29,24.17,24.17,21.75,26.59
Cotton,Haryana,Wholesale Market,2025-09-13,4271.71,4271.71,3844.54,4698.88
Wheat,Maharashtra,Agricultural Market,2025-10-08,1875.87,1875.87,1688.29,2063.46
Potato,Uttar Pradesh,Agricultural Market,2025-10-30,17.72,17.72,15.95,19.49
Cotton,Uttar Pradesh,Agricultural Market,2025-08-31,3681.75,3681.75,3313.58,4049.93
Cotton,Punjab,Mandi,2025-08-25,3714.12,3714.12,3342.7,4085.53
Tomato,Haryana,APMC Market,2025-09-01,24.07,24.07,21.66,26.48
Potato,Karnataka,Agricultural Market,2025-10-29,15.41,15.41,13.87,16.96
Wheat,Tamil Nadu,Wholesale Market,2025-06-12,1687.21,1687.21,1518.49,1855.93
Wheat,Haryana,Mandi,2025-10-25,2222.33,2222.33,2000.09,2444.56
Tomato,Tamil Nadu,Mandi,2025-06-04,25.12,25.12,22.61,27.64
Wheat,Haryana,APMC Market,2025-11-01,1799.71,1799.71,1619.74,1979.68
Cotton,Haryana,APMC Market,2025-09-17,5075.82,5075.82,4568.24,5583.4
Potato,Maharashtra,Wholesale Market,2025-11-17,21.74,21.74,19.57,23.91
Tomato,Uttar Pradesh,Mandi,2025-11-21,25.02,25.02,22.52,27.53
Wheat,Haryana,APMC Market,2025-06-09,1616.2,1616.2,1454.58,1777.82
Tomato,Tamil Nadu,Agricultural Market,2025-07-28,37.17,37.17,33.46,40.89
Wheat,Karnataka,Mandi,2025-07-08,1656.36,1656.36,1490.72,1821.99
Tomato,Haryana,Mandi,2025-07-21,31.88,31.88,28.69,35.07
Wheat,Punjab,Mandi,2025-06-07,2369.83,2369.83,2132.85,2606.81
Cotton,Uttar Pradesh,Agricultural Market,2025-09-27,3734.37,3734.37,3360.93,4107.8
Onion,Maharashtra,APMC Market,2025-11-11,27.46,27.46,24.72,30.21
Tomato,Punjab,Agricultural Market,2025-06-20,28.14,28.14,25.33,30.95
Sugarcane,Punjab,Wholesale Market,2025-09-24,372.42,372.42,335.17,409.66
Potato,Maharashtra,APMC Market,2025-08-21,22.08,22.08,19.87,24.29
Potato,Haryana,Wholesale Market,2025-10-16,21.93,21.93,19.74,24.13
Wheat,Karnataka,Wholesale Market,2025-11-06,2244.06,2244.06,2019.66,2468.47
Rice,Punjab,Agricultural Market,2025-10-16,2010.7,2010.7,1809.63,2211.77
Cotton,Haryana,Agricultural Market,2025-06-05,6138.97,6138.97,5525.07,6752.87
Potato,Uttar Pradesh,APMC Market,2025-07-30,21.72,21.72,19.55,23.89
Onion,Tamil Nadu,Agricultural Market,2025-10-04,25.03,25.03,22.53,27.53
Tomato,Haryana,Mandi,2025-11-07,30.34,30.34,27.3,33.37
Cotton,Karnataka,APMC Market,2025-06-01,5383.91,5383.91,4845.52,5922.3
Onion,Maharashtra,Mandi,2025-06-18,21.16,21.16,19.04,23.28
Tomato,Haryana,APMC Market,2025-07-31,35.94,35.94,32.34,39.53
Rice,Tamil Nadu,Agricultural Market,2025-07-13,2251.16,2251.16,2026.04,2476.28
Onion,Haryana,APMC Market,2025-07-18,26.42,26.42,23.77,29.06
Potato,Tamil Nadu,APMC Market,2025-09-24,17.12,17.12,15.41,18.83
Potato,Maharashtra,Wholesale Market,2025-06-30,23.41,23.41,21.07,25.75
Sugarcane,Tamil Nadu,Agricultural Market,2025-11-01,240.48,240.48,216.43,264.52
Potato,Tamil Nadu,Mandi,2025-10-05,18.01,18.01,16.21,19.82
Potato,Tamil Nadu,APMC Market,2025-10-25,16.98,16.98,15.28,18.67
Wheat,Uttar Pradesh,APMC Market,2025-08-30,2390.18,2390.18,2151.16,2629.19
Potato,Punjab,Mandi,2025-10-04,20.17,20.17,18.15,22.18
Cotton,Karnataka,Agricultural Market,2025-06-17,5764.93,5764.93,5188.43,6341.42
Cotton,Punjab,Wholesale Market,2025-08-29,5525.96,5525.96,4973.36,6078.55
Onion,Tamil Nadu,APMC Market,2025-08-16,18.98,18.98,17.08,20.88
Sugarcane,Tamil Nadu,Mandi,2025-10-08,289.37,289.37,260.44,318.31
Cotton,Maharashtra,Wholesale Market,2025-09-03,6492.49,6492.49,5843.24,7141.74
Tomato,Punjab,APMC Market,2025-09-15,34.9,34.9,31.41,38.39
Rice,Maharashtra,Agricultural Market,2025-11-12,1956.37,1956.37,1760.74,2152.01
Tomato,Karnataka,APMC Market,2025-10-22,32.2,32.2,28.98,35.41
Rice,Uttar Pradesh,Agricultural Market,2025-08-26,2481.65,2481.65,2233.48,2729.81
Potato,Haryana,Mandi,2025-08-17,23.32,23.32,20.99,25.65
Tomato,Punjab,Agricultural Market,2025-09-01,23.65,23.65,21.29,26.02
Onion,Uttar Pradesh,Wholesale Market,2025-07-16,27.79,27.79,25.01,30.57
Wheat,Haryana,Wholesale Market,2025-07-12,1902.04,1902.04,1711.84,2092.24
Sugarcane,Tamil Nadu,Wholesale Market,2025-08-08,317.12,317.12,285.41,348.83
Onion,Haryana,Wholesale Market,2025-06-22,19.0,19.0,17.1,20.9
Cotton,Punjab,Wholesale Market,2025-07-10,6051.34,6051.34,5446.21,6656.47
Onion,Punjab,Mandi,2025-11-06,26.83,26.83,24.15,29.51
Cotton,Punjab,Agricultural Market,2025-10-14,4704.01,4704.01,4233.61,5174.41
Wheat,Maharashtra,Wholesale Market,2025-07-23,1809.43,1809.43,1628.48,1990.37
Wheat,Haryana,APMC Market,2025-09-10,1509.12,1509.12,1358.21,1660.03
Potato,Haryana,Agricultural Market,2025-11-10,17.98,17.98,16.18,19.78
Onion,Tamil Nadu,APMC Market,2025-08-09,21.18,21.18,19.06,23.29
Tomato,Haryana,Wholesale Market,2025-09-06,31.33,31.33,28.19,34.46
Rice,Maharashtra,APMC Market,2025-11-16,2571.22,2571.22,2314.1,2828.34
Cotton,Karnataka,Agricultural Market,2025-11-17,4342.72,4342.72,3908.45,4776.99
Potato,Uttar Pradesh,APMC Market,2025-11-05,14.04,14.04,12.64,15.45
Wheat,Maharashtra,Mandi,2025-07-26,1915.35,1915.35,1723.82,2106.89
Cotton,Maharashtra,Wholesale Market,2025-11-23,5400.37,5400.37,4860.33,5940.41
Tomato,Uttar Pradesh,Mandi,2025-11-13,36.06,36.06,32.45,39.66
Wheat,Maharashtra,Agricultural Market,2025-06-05,1851.05,1851.05,1665.95,2036.16
Wheat,Punjab,Wholesale Market,2025-10-29,1593.56,1593.56,1434.2,1752.91
Cotton,Maharashtra,Wholesale Market,2025-08-28,4257.85,4257.85,3832.07,4683.64
Sugarcane,Haryana,Wholesale Market,2025-08-10,236.76,236.76,213.08,260.43
Onion,Punjab,APMC Market,2025-10-12,29.4,29.4,26.46,32.34
Tomato,Haryana,APMC Market,2025-10-20,32.01,32.01,28.81,35.21
Wheat,Maharashtra,Wholesale Market,2025-10-14,1690.91,1690.91,1521.82,1860.0
Sugarcane,Maharashtra,Wholesale Market,2025-11-13,210.74,210.74,189.67,231.82
Sugarcane,Tamil Nadu,Wholesale Market,2025-10-11,343.63,343.63,309.27,378.0
Cotton,Uttar Pradesh,Agricultural Market,2025-07-20,3699.68,3699.68,3329.71,4069.64
Cotton,Punjab,Agricultural Market,2025-07-12,4930.6,4930.6,4437.54,5423.66
Cotton,Uttar Pradesh,Mandi,2025-10-02,5769.04,5769.04,5192.13,6345.94
Cotton,Karnataka,Wholesale Market,2025-09-14,5285.21,5285.21,4756.69,5813.73
Onion,Punjab,Mandi,2025-08-01,23.4,23.4,21.06,25.74
Onion,Punjab,Mandi,2025-07-15,17.6,17.6,15.84,19.36
Cotton,Karnataka,Wholesale Market,2025-09-05,3510.85,3510.85,3159.76,3861.93
Tomato,Punjab,Wholesale Market,2025-07-06,23.54,23.54,21.19,25.9
Potato,Tamil Nadu,APMC Market,2025-07-06,14.73,14.73,13.25,16.2
Wheat,Uttar Pradesh,APMC Market,2025-11-22,1518.82,1518.82,1366.93,1670.7
Wheat,Haryana,APMC Market,2025-08-30,2241.51,2241.51,2017.36,2465.66
Tomato,Punjab,APMC Market,2025-08-23,33.55,33.55,30.2,36.91
Tomato,Tamil Nadu,Mandi,2025-11-23,25.36,25.36,22.83,27.9
Rice,Haryana,Agricultural Market,2025-09-03,2518.75,2518.75,2266.88,2770.63
Tomato,Tamil Nadu,Mandi,2025-08-02,34.04,34.04,30.64,37.45
Onion,Punjab,Wholesale Market,2025-10-25,30.76,30.76,27.68,33.83
Cotton,Uttar Pradesh,Agricultural Market,2025-06-30,3511.45,3511.45,3160.31,3862.6
Rice,Punjab,Wholesale Market,2025-10-16,3079.12,3079.12,2771.2,3387.03
Sugarcane,Karnataka,APMC Market,2025-10-01,324.19,324.19,291.77,356.61
Onion,Punjab,Agricultural Market,2025-09-26,25.89,25.89,23.3,28.48
Potato,Karnataka,Wholesale Market,2025-06-17,24.07,24.07,21.66,26.47
Wheat,Punjab,APMC Market,2025-08-31,1945.99,1945.99,1751.39,2140.59
Rice,Punjab,Mandi,2025-10-25,2575.55,2575.55,2317.99,2833.1
Potato,Tamil Nadu,Wholesale Market,2025-10-05,22.0,22.0,19.8,24.2
Onion,Uttar Pradesh,Agricultural Market,2025-07-25,31.84,31.84,28.66,35.03
Wheat,Uttar Pradesh,Wholesale Market,2025-11-05,1489.22,1489.22,1340.3,1638.14
Sugarcane,Uttar Pradesh,Agricultural Market,2025-09-26,218.59,218.59,196.73,240.45
Rice,Karnataka,Wholesale Market,2025-06-19,2469.28,2469.28,2222.35,2716.21
Potato,Karnataka,APMC Market,2025-06-23,22.38,22.38,20.14,24.62
Onion,Uttar Pradesh,Wholesale Market,2025-09-21,26.5,26.5,23.85,29.15
Wheat,Haryana,Mandi,2025-10-30,1958.18,1958.18,1762.36,2154.0
Wheat,Maharashtra,Mandi,2025-08-12,2375.82,2375.82,2138.24,2613.4
Tomato,Haryana,Wholesale Market,2025-11-14,24.78,24.78,22.3,27.26
Onion,Tamil Nadu,Mandi,2025-10-17,17.54,17.54,15.78,19.29
Onion,Punjab,APMC Market,2025-10-12,19.26,19.26,17.33,21.18
Sugarcane,Tamil Nadu,Agricultural Market,2025-07-30,376.8,376.8,339.12,414.48
Sugarcane,Tamil Nadu,APMC Market,2025-06-07,289.84,289.84,260.86,318.83
Sugarcane,Uttar Pradesh,Agricultural Market,2025-11-23,309.64,309.64,278.68,340.61
Tomato,Uttar Pradesh,Mandi,2025-07-16,23.28,23.28,20.96,25.61
Onion,Punjab,Wholesale Market,2025-09-23,21.34,21.34,19.21,23.47
Sugarcane,Uttar Pradesh,Wholesale Market,2025-10-17,360.72,360.72,324.64,396.79
Wheat,Tamil Nadu,Wholesale Market,2025-06-12,1577.33,1577.33,1419.59,1735.06
Onion,Tamil Nadu,APMC Market,2025-07-08,20.3,20.3,18.27,22.33
Onion,Karnataka,Wholesale Market,2025-07-07,23.28,23.28,20.96,25.61
Cotton,Karnataka,APMC Market,2025-10-26,3982.44,3982.44,3584.2,4380.69
Rice,Punjab,Agricultural Market,2025-07-24,3013.27,3013.27,2711.95,3314.6
Tomato,Uttar Pradesh,Wholesale Market,2025-11-08,38.12,38.12,34.31,41.94
Rice,Maharashtra,Agricultural Market,2025-07-11,2045.25,2045.25,1840.73,2249.78
Cotton,Haryana,Mandi,2025-08-22,5701.76,5701.76,5131.58,6271.94
Wheat,Karnataka,Agricultural Market,2025-10-22,1748.31,1748.31,1573.48,1923.14
Potato,Maharashtra,Wholesale Market,2025-08-25,20.69,20.69,18.62,22.76
Wheat,Uttar Pradesh,Agricultural Market,2025-10-03,2452.54,2452.54,2207.29,2697.8
Sugarcane,Karnataka,Mandi,2025-09-26,344.53,344.53,310.08,378.98
Rice,Haryana,Mandi,2025-09-16,2352.49,2352.49,2117.24,2587.74
Onion,Maharashtra,Agricultural Market,2025-07-24,27.83,27.83,25.05,30.62
Sugarcane,Maharashtra,APMC Market,2025-06-10,340.78,340.78,306.7,374.85
Cotton,Tamil Nadu,Agricultural Market,2025-06-30,4304.23,4304.23,3873.8,4734.65
Onion,Maharashtra,APMC Market,2025-09-06,25.19,25.19,22.67,27.71
Onion,Maharashtra,Wholesale Market,2025-10-06,28.83,28.83,25.94,31.71
Cotton,Uttar Pradesh,APMC Market,2025-08-06,4748.54,4748.54,4273.69,5223.4
Cotton,Karnataka,Mandi,2025-08-12,5356.34,5356.34,4820.7,5891.97
Tomato,Haryana,Wholesale Market,2025-10-17,36.25,36.25,32.63,39.88
Cotton,Karnataka,APMC Market,2025-06-06,5236.27,5236.27,4712.65,5759.9
Rice,Tamil Nadu,APMC Market,2025-10-04,2496.21,2496.21,2246.59,2745.83
Tomato,Karnataka,Mandi,2025-10-28,27.37,27.37,24.63,30.11
Potato,Uttar Pradesh,Mandi,2025-10-20,19.93,19.93,17.93,21.92
Rice,Uttar Pradesh,Mandi,2025-10-02,1939.91,1939.91,1745.92,2133.9
Sugarcane,Maharashtra,Agricultural Market,2025-08-09,369.61,369.61,332.65,406.57
Cotton,Haryana,Mandi,2025-08-31,6108.85,6108.85,5497.96,6719.73
Onion,Uttar Pradesh,Mandi,2025-06-01,26.18,26.18,23.56,28.8
Onion,Karnataka,APMC Market,2025-08-06,19.83,19.83,17.85,21.81
Potato,Maharashtra,Agricultural Market,2025-06-15,15.41,15.41,13.87,16.95
Sugarcane,Uttar Pradesh,APMC Market,2025-06-24,293.41,293.41,264.07,322.75
Tomato,Punjab,Wholesale Market,2025-07-26,30.86,30.86,27.77,33.95
Onion,Maharashtra,Wholesale Market,2025-11-23,22.07,22.07,19.86,24.28
Wheat,Maharashtra,Wholesale Market,2025-10-26,2095.82,2095.82,1886.24,2305.41
Cotton,Haryana,Agricultural Market,2025-08-03,3937.81,3937.81,3544.03,4331.59
Cotton,Maharashtra,Wholesale Market,2025-08-05,6008.45,6008.45,5407.61,6609.3
Tomato,Punjab,Wholesale Market,2025-07-26,36.52,36.52,32.87,40.17
Tomato,Maharashtra,Wholesale Market,2025-10-03,34.42,34.42,30.97,37.86
Wheat,Maharashtra,APMC Market,2025-06-07,1655.55,1655.55,1489.99,1821.1
Onion,Haryana,Agricultural Market,2025-06-19,32.27,32.27,29.05,35.5
Cotton,Haryana,Wholesale Market,2025-08-19,5326.01,5326.01,4793.41,5858.61
Potato,Maharashtra,Agricultural Market,2025-06-30,20.29,20.29,18.26,22.32
Rice,Maharashtra,Mandi,2025-09-28,2290.29,2290.29,2061.26,2519.32
Onion,Uttar Pradesh,Wholesale Market,2025-10-16,31.81,31.81,28.63,34.99
Wheat,Punjab,Agricultural Market,2025-09-30,1522.27,1522.27,1370.04,1674.5
Wheat,Haryana,Mandi,2025-09-24,2289.07,2289.07,2060.17,2517.98
Sugarcane,Karnataka,Wholesale Market,2025-07-16,320.67,320.67,288.6,352.73
Cotton,Punjab,Wholesale Market,2025-08-27,5817.0,5817.0,5235.3,6398.7
Potato,Tamil Nadu,Agricultural Market,2025-07-15,14.85,14.85,13.37,16.34
Cotton,Uttar Pradesh,Mandi,2025-08-02,4092.09,4092.09,3682.88,4501.29
Wheat,Haryana,Wholesale Market,2025-09-19,1439.62,1439.62,1295.66,1583.59
Tomato,Punjab,Wholesale Market,2025-06-27,31.06,31.06,27.95,34.16
Sugarcane,Punjab,Agricultural Market,2025-06-11,273.93,273.93,246.54,301.32
Rice,Karnataka,Wholesale Market,2025-08-28,1834.86,1834.86,1651.37,2018.34
Cotton,Karnataka,Agricultural Market,2025-07-26,4704.96,4704.96,4234.46,5175.45
Onion,Karnataka,Agricultural Market,2025-08-25,24.23,24.23,21.81,26.65
Cotton,Uttar Pradesh,Wholesale Market,2025-07-31,3950.83,3950.83,3555.75,4345.92
Tomato,Punjab,APMC Market,2025-07-21,24.68,24.68,22.21,27.15
Onion,Haryana,Agricultural Market,2025-10-04,23.34,23.34,21.0,25.67
Tomato,Uttar Pradesh,APMC Market,2025-09-29,30.97,30.97,27.87,34.07
Rice,Haryana,Mandi,2025-10-02,2517.39,2517.39,2265.65,2769.13
Rice,Maharashtra,APMC Market,2025-06-09,3109.47,3109.47,2798.52,3420.42
Tomato,Uttar Pradesh,APMC Market,2025-06-17,36.59,36.59,32.93,40.25
Tomato,Punjab,APMC Market,2025-06-02,29.92,29.92,26.92,32.91
Wheat,Punjab,Wholesale Market,2025-10-27,1813.78,1813.78,1632.4,1995.16
Tomato,Tamil Nadu,APMC Market,2025-08-05,26.18,26.18,23.56,28.8
Wheat,Tamil Nadu,APMC Market,2025-08-15,2114.1,2114.1,1902.69,2325.5
Potato,Uttar Pradesh,Mandi,2025-06-20,18.51,18.51,16.66,20.36
Rice,Punjab,APMC Market,2025-06-02,2816.09,2816.09,2534.48,3097.7
Potato,Karnataka,Mandi,2025-08-12,16.18,16.18,14.57,17.8
Potato,Uttar Pradesh,Mandi,2025-07-06,18.62,18.62,16.76,20.48
Cotton,Haryana,Wholesale Market,2025-09-29,4664.03,4664.03,4197.62,5130.43
Rice,Karnataka,Mandi,2025-09-30,2201.04,2201.04,1980.93,2421.14
Onion,Maharashtra,Mandi,2025-08-31,22.36,22.36,20.13,24.6
Wheat,Tamil Nadu,Mandi,2025-10-21,1613.53,1613.53,1452.17,1774.88
Onion,Uttar Pradesh,Wholesale Market,2025-07-23,20.39,20.39,18.35,22.43
Onion,Haryana,Wholesale Market,2025-08-12,26.83,26.83,24.15,29.51
Tomato,Tamil Nadu,APMC Market,2025-06-12,23.71,23.71,21.34,26.08
Rice,Haryana,Wholesale Market,2025-10-28,2408.63,2408.63,2167.77,2649.49
Sugarcane,Haryana,Mandi,2025-10-31,211.1,211.1,189.99,232.21
Tomato,Maharashtra,Mandi,2025-10-14,22.53,22.53,20.28,24.78
Cotton,Karnataka,Agricultural Market,2025-10-26,4171.03,4171.03,3753.93,4588.13
Tomato,Karnataka,Wholesale Market,2025-05-31,24.41,24.41,21.97,26.85
Rice,Tamil Nadu,APMC Market,2025-05-29,2337.43,2337.43,2103.69,2571.18
Potato,Tamil Nadu,APMC Market,2025-08-20,21.76,21.76,19.58,23.93
Rice,Punjab,Wholesale Market,2025-08-13,1970.88,1970.88,1773.79,2167.97
Onion,Maharashtra,Agricultural Market,2025-07-19,25.19,25.19,22.67,27.71
Cotton,Tamil Nadu,Mandi,2025-06-11,5518.95,5518.95,4967.06,6070.85
Rice,Tamil Nadu,Mandi,2025-10-18,3182.85,3182.85,2864.56,3501.13
Wheat,Karnataka,Agricultural Market,2025-08-04,1445.8,1445.8,1301.22,1590.38
Onion,Tamil Nadu,Mandi,2025-11-16,17.55,17.55,15.79,19.3
Sugarcane,Maharashtra,Agricultural Market,2025-08-16,373.69,373.69,336.32,411.06
Potato,Tamil Nadu,Mandi,2025-10-06,21.69,21.69,19.52,23.86
Tomato,Punjab,Wholesale Market,2025-10-22,33.64,33.64,30.28,37.01
Wheat,Tamil Nadu,Agricultural Market,2025-08-02,2467.83,2467.83,2221.05,2714.62
Cotton,Karnataka,APMC Market,2025-10-08,6102.2,6102.2,5491.98,6712.42
Cotton,Punjab,APMC Market,2025-11-07,4029.67,4029.67,3626.7,4432.64
Potato,Uttar Pradesh,APMC Market,2025-09-02,15.25,15.25,13.73,16.78
Sugarcane,Tamil Nadu,APMC Market,2025-08-27,387.27,387.27,348.54,426.0
Tomato,Maharashtra,Wholesale Market,2025-08-18,33.78,33.78,30.4,37.16
Cotton,Tamil Nadu,Agricultural Market,2025-07-23,5763.96,5763.96,5187.56,6340.35
Onion,Tamil Nadu,Wholesale Market,2025-06-11,19.84,19.84,17.86,21.82
Rice,Uttar Pradesh,Mandi,2025-09-06,2062.2,2062.2,1855.98,2268.42
Tomato,Haryana,APMC Market,2025-08-18,25.44,25.44,22.89,27.98
Wheat,Tamil Nadu,APMC Market,2025-11-21,2324.14,2324.14,2091.73,2556.56
Rice,Haryana,Agricultural Market,2025-06-24,2568.35,2568.35,2311.52,2825.19
Onion,Tamil Nadu,APMC Market,2025-08-06,26.59,26.59,23.93,29.24
Onion,Punjab,APMC Market,2025-08-26,18.21,18.21,16.39,20.04
Tomato,Karnataka,APMC Market,2025-06-18,22.19,22.19,19.97,24.41
Wheat,Uttar Pradesh,Wholesale Market,2025-07-21,2592.16,2592.16,2332.95,2851.38
Rice,Haryana,Mandi,2025-08-23,2752.76,2752.76,2477.48,3028.03
Cotton,Karnataka,Agricultural Market,2025-06-28,4947.35,4947.35,4452.61,5442.08
Onion,Tamil Nadu,Wholesale Market,2025-08-04,32.4,32.4,29.16,35.64
Rice,Tamil Nadu,APMC Market,2025-10-23,2098.71,2098.71,1888.84,2308.58
Tomato,Uttar Pradesh,APMC Market,2025-09-29,36.63,36.63,32.96,40.29
Tomato,Tamil Nadu,Mandi,2025-08-19,35.76,35.76,32.19,39.34
Sugarcane,Haryana,Agricultural Market,2025-11-16,350.21,350.21,315.19,385.23
Cotton,Uttar Pradesh,APMC Market,2025-07-17,4326.94,4326.94,3894.24,4759.63
Potato,Tamil Nadu,Agricultural Market,2025-11-04,24.89,24.89,22.4,27.38
Onion,Haryana,Wholesale Market,2025-09-13,26.07,26.07,23.47,28.68
Wheat,Uttar Pradesh,Mandi,2025-09-13,2085.74,2085.74,1877.16,2294.31
Onion,Haryana,APMC Market,2025-07-16,31.78,31.78,28.6,34.96
Onion,Uttar Pradesh,Wholesale Market,2025-09-06,21.63,21.63,19.47,23.79
Sugarcane,Punjab,APMC Market,2025-06-17,212.6,212.6,191.34,233.86
Onion,Maharashtra,Wholesale Market,2025-08-06,29.21,29.21,26.29,32.13
Onion,Maharashtra,Agricultural Market,2025-06-19,24.38,24.38,21.94,26.81
Potato,Haryana,Mandi,2025-08-30,17.9,17.9,16.11,19.69
Cotton,Karnataka,Agricultural Market,2025-08-07,6046.32,6046.32,5441.69,6650.96
Tomato,Uttar Pradesh,APMC Market,2025-07-06,33.76,33.76,30.38,37.13
Wheat,Karnataka,APMC Market,2025-08-09,1683.88,1683.88,1515.49,1852.27
Sugarcane,Uttar Pradesh,Agricultural Market,2025-11-13,387.92,387.92,349.13,426.71
Cotton,Haryana,APMC Market,2025-11-07,3722.07,3722.07,3349.87,4094.28
Wheat,Uttar Pradesh,Agricultural Market,2025-06-23,1542.28,1542.28,1388.06,1696.51
Potato,Karnataka,Agricultural Market,2025-11-23,24.72,24.72,22.25,27.19
Tomato,Uttar Pradesh,Wholesale Market,2025-10-07,26.18,26.18,23.56,28.8
Rice,Tamil Nadu,APMC Market,2025-10-09,1782.98,1782.98,1604.68,1961.28
Wheat,Karnataka,Wholesale Market,2025-10-15,2202.61,2202.61,1982.35,2422.87
Rice,Uttar Pradesh,Agricultural Market,2025-09-23,3055.22,3055.22,2749.69,3360.74
Cotton,Karnataka,Agricultural Market,2025-08-27,4161.88,4161.88,3745.69,4578.07
Potato,Tamil Nadu,APMC Market,2025-06-30,16.85,16.85,15.16,18.53
Sugarcane,Tamil Nadu,Wholesale Market,2025-11-12,311.16,311.16,280.05,342.28
Cotton,Uttar Pradesh,Wholesale Market,2025-06-22,5108.69,5108.69,4597.82,5619.56
Rice,Uttar Pradesh,Agricultural Market,2025-06-05,2380.58,2380.58,2142.52,2618.63
Tomato,Karnataka,Agricultural Market,2025-11-13,34.43,34.43,30.99,37.88
Wheat,Maharashtra,Mandi,2025-08-12,2192.05,2192.05,1972.85,2411.26
Rice,Tamil Nadu,Mandi,2025-10-11,2824.37,2824.37,2541.93,3106.81
Cotton,Karnataka,APMC Market,2025-09-24,6419.91,6419.91,5777.92,7061.9
Potato,Haryana,Mandi,2025-08-26,25.24,25.24,22.72,27.76
Potato,Uttar Pradesh,Agricultural Market,2025-09-19,25.51,25.51,22.96,28.06
Tomato,Uttar Pradesh,Wholesale Market,2025-07-31,33.41,33.41,30.07,36.76
Wheat,Karnataka,Mandi,2025-08-20,1623.29,1623.29,1460.96,1785.62
Wheat,Tamil Nadu,Agricultural Market,2025-09-11,2583.5,2583.5,2325.15,2841.85
Sugarcane,Uttar Pradesh,APMC Market,2025-09-20,320.45,320.45,288.41,352.5
Cotton,Maharashtra,Mandi,2025-09-17,4131.35,4131.35,3718.22,4544.49
Rice,Tamil Nadu,APMC Market,2025-09-01,2908.44,2908.44,2617.59,3199.28
Tomato,Uttar Pradesh,APMC Market,2025-10-15,33.83,33.83,30.45,37.21
Rice,Punjab,Mandi,2025-09-07,3035.09,3035.09,2731.58,3338.6
Rice,Tamil Nadu,Agricultural Market,2025-09-23,1853.3,1853.3,1667.97,2038.63
Onion,Uttar Pradesh,Agricultural Market,2025-06-13,25.11,25.11,22.6,27.62
Sugarcane,Haryana,Agricultural Market,2025-09-29,314.06,314.06,282.65,345.47
Cotton,Uttar Pradesh,Mandi,2025-09-10,4623.34,4623.34,4161.01,5085.68
Wheat,Punjab,Agricultural Market,2025-05-30,1961.03,1961.03,1764.93,2157.14
Sugarcane,Uttar Pradesh,Wholesale Market,2025-11-12,238.08,238.08,214.27,261.88
Potato,Uttar Pradesh,APMC Market,2025-08-20,24.68,24.68,22.21,27.15
Cotton,Karnataka,APMC Market,2025-06-03,4487.53,4487.53,4038.78,4936.28
Potato,Haryana,APMC Market,2025-06-02,21.49,21.49,19.34,23.63
Potato,Haryana,Wholesale Market,2025-08-14,24.9,24.9,22.41,27.39
Wheat,Haryana,Wholesale Market,2025-06-18,2375.4,2375.4,2137.86,2612.94
Tomato,Tamil Nadu,Agricultural Market,2025-08-04,29.7,29.7,26.73,32.67
Wheat,Tamil Nadu,Wholesale Market,2025-06-11,1534.0,1534.0,1380.6,1687.4
Wheat,Haryana,Wholesale Market,2025-10-15,1966.54,1966.54,1769.88,2163.19
Tomato,Haryana,Agricultural Market,2025-09-06,24.72,24.72,22.25,27.19
Onion,Tamil Nadu,APMC Market,2025-11-01,21.26,21.26,19.13,23.39
Sugarcane,Haryana,Mandi,2025-10-31,336.57,336.57,302.92,370.23
Wheat,Uttar Pradesh,APMC Market,2025-09-26,2226.43,2226.43,2003.79,2449.08
Onion,Punjab,Agricultural Market,2025-08-03,20.97,20.97,18.87,23.06
Tomato,Haryana,APMC Market,2025-06-02,30.05,30.05,27.05,33.06
Onion,Haryana,Wholesale Market,2025-06-28,19.58,19.58,17.62,21.53
Sugarcane,Uttar Pradesh,Agricultural Market,2025-08-05,218.26,218.26,196.43,240.08
Rice,Uttar Pradesh,Wholesale Market,2025-11-13,1767.14,1767.14,1590.43,1943.86
Onion,Karnataka,Mandi,2025-10-24,23.57,23.57,21.22,25.93
Sugarcane,Maharashtra,Agricultural Market,2025-10-26,385.38,385.38,346.84,423.92
Cotton,Karnataka,Agricultural Market,2025-10-20,5328.54,5328.54,4795.68,5861.39
Cotton,Karnataka,Agricultural Market,2025-11-16,4527.01,4527.01,4074.31,4979.71
Cotton,Haryana,Wholesale Market,2025-08-07,5374.54,5374.54,4837.08,5911.99
Potato,Uttar Pradesh,APMC Market,2025-06-20,25.96,25.96,23.36,28.56
Cotton,Haryana,APMC Market,2025-07-08,4144.92,4144.92,3730.43,4559.42
Rice,Tamil Nadu,APMC Market,2025-05-31,3088.53,3088.53,2779.68,3397.39
Rice,Punjab,Mandi,2025-09-27,2004.56,2004.56,1804.1,2205.01
Rice,Karnataka,Mandi,2025-10-08,2430.93,2430.93,2187.84,2674.02
Potato,Maharashtra,APMC Market,2025-11-03,15.25,15.25,13.73,16.78
Sugarcane,Tamil Nadu,APMC Market,2025-11-17,295.37,295.37,265.83,324.9
Wheat,Haryana,APMC Market,2025-11-22,1490.89,1490.89,1341.8,1639.98
Tomato,Karnataka,APMC Market,2025-09-04,29.2,29.2,26.28,32.12
Potato,Karnataka,Wholesale Market,2025-11-01,22.83,22.83,20.55,25.11
Onion,Uttar Pradesh,Mandi,2025-08-07,19.37,19.37,17.43,21.31
Wheat,Karnataka,APMC Market,2025-07-18,2317.95,2317.95,2086.16,2549.75
Potato,Maharashtra,Mandi,2025-10-25,19.74,19.74,17.77,21.71
Sugarcane,Punjab,Agricultural Market,2025-08-15,251.87,251.87,226.69,277.06
Sugarcane,Uttar Pradesh,Mandi,2025-07-11,305.94,305.94,275.35,336.54
Cotton,Haryana,Mandi,2025-07-11,3783.93,3783.93,3405.54,4162.32
Wheat,Karnataka,Agricultural Market,2025-11-21,1427.78,1427.78,1285.01,1570.56
Cotton,Karnataka,Mandi,2025-08-28,4184.99,4184.99,3766.49,4603.49
Potato,Uttar Pradesh,Mandi,2025-06-19,14.34,14.34,12.91,15.78
Onion,Karnataka,APMC Market,2025-07-01,29.89,29.89,26.9,32.88
Sugarcane,Tamil Nadu,Agricultural Market,2025-09-24,379.94,379.94,341.94,417.93
Onion,Haryana,Agricultural Market,2025-09-18,27.2,27.2,24.48,29.92
Wheat,Uttar Pradesh,Mandi,2025-06-05,1401.71,1401.71,1261.54,1541.88
Tomato,Haryana,Agricultural Market,2025-06-07,36.53,36.53,32.88,40.19
Rice,Karnataka,Mandi,2025-06-02,2175.34,2175.34,1957.8,2392.87
Sugarcane,Karnataka,APMC Market,2025-07-16,315.41,315.41,283.87,346.95
Onion,Karnataka,APMC Market,2025-10-17,18.72,18.72,16.84,20.59
Cotton,Haryana,Agricultural Market,2025-09-15,4066.86,4066.86,3660.17,4473.55
Tomato,Tamil Nadu,Wholesale Market,2025-09-20,29.82,29.82,26.83,32.8
Tomato,Karnataka,Mandi,2025-09-18,32.8,32.8,29.52,36.08
Wheat,Tamil Nadu,Wholesale Market,2025-07-27,1796.74,1796.74,1617.06,1976.41
Sugarcane,Karnataka,Agricultural Market,2025-09-15,260.15,260.15,234.13,286.16
Wheat,Karnataka,Agricultural Market,2025-07-06,1822.01,1822.01,1639.81,2004.22
Potato,Tamil Nadu,APMC Market,2025-07-19,23.86,23.86,21.47,26.24
Potato,Punjab,APMC Market,2025-07-28,21.95,21.95,19.76,24.15
Cotton,Karnataka,APMC Market,2025-06-30,5727.75,5727.75,5154.98,6300.53
Rice,Uttar Pradesh,Mandi,2025-08-24,1786.38,1786.38,1607.74,1965.02
Cotton,Karnataka,Mandi,2025-10-18,4652.9,4652.9,4187.61,5118.19
Sugarcane,Maharashtra,Mandi,2025-06-10,277.59,277.59,249.84,305.35
Cotton,Karnataka,Wholesale Market,2025-09-27,4383.31,4383.31,3944.98,4821.64
Rice,Punjab,APMC Market,2025-08-06,2987.98,2987.98,2689.18,3286.77
Wheat,Tamil Nadu,Wholesale Market,2025-05-28,2591.43,2591.43,2332.29,2850.57
Tomato,Punjab,APMC Market,2025-10-20,28.21,28.21,25.39,31.03
Sugarcane,Maharashtra,Agricultural Market,2025-07-03,342.31,342.31,308.08,376.55
Rice,Karnataka,APMC Market,2025-07-05,2363.75,2363.75,2127.38,2600.13
Tomato,Punjab,Mandi,2025-06-22,23.47,23.47,21.13,25.82
Wheat,Uttar Pradesh,Mandi,2025-11-22,2353.51,2353.51,2118.16,2588.86
Tomato,Karnataka,APMC Market,2025-11-11,26.38,26.38,23.74,29.02
Onion,Karnataka,APMC Market,2025-06-03,27.15,27.15,24.43,29.86
Potato,Punjab,Wholesale Market,2025-10-20,25.37,25.37,22.83,27.9
Tomato,Tamil Nadu,Agricultural Market,2025-08-09,29.08,29.08,26.17,31.99
Wheat,Tamil Nadu,Mandi,2025-09-23,2533.76,2533.76,2280.39,2787.14
Rice,Haryana,Agricultural Market,2025-08-03,2128.43,2128.43,1915.59,2341.28
Tomato,Maharashtra,Wholesale Market,2025-08-18,23.51,23.51,21.15,25.86
Rice,Haryana,APMC Market,2025-10-14,2830.81,2830.81,2547.73,3113.89
Wheat,Karnataka,APMC Market,2025-08-19,1849.06,1849.06,1664.15,2033.96
Cotton,Punjab,Mandi,2025-06-29,4369.65,4369.65,3932.69,4806.62
Potato,Karnataka,Mandi,2025-08-20,14.94,14.94,13.45,16.43
Potato,Uttar Pradesh,Agricultural Market,2025-08-24,15.75,15.75,14.17,17.32
Onion,Maharashtra,APMC Market,2025-11-24,24.57,24.57,22.12,27.03
Rice,Punjab,Wholesale Market,2025-09-09,3076.23,3076.23,2768.61,3383.86
Sugarcane,Tamil Nadu,Wholesale Market,2025-10-17,339.36,339.36,305.42,373.29
Onion,Maharashtra,Mandi,2025-06-14,22.26,22.26,20.03,24.49
Sugarcane,Karnataka,Wholesale Market,2025-07-17,340.24,340.24,306.22,374.26
Potato,Uttar Pradesh,Mandi,2025-11-16,17.56,17.56,15.8,19.32
Onion,Haryana,Mandi,2025-11-06,25.9,25.9,23.31,28.49
Sugarcane,Punjab,Agricultural Market,2025-09-07,353.59,353.59,318.23,388.95
Wheat,Karnataka,Agricultural Market,2025-09-16,1931.85,1931.85,1738.66,2125.03
Wheat,Uttar Pradesh,APMC Market,2025-08-21,1440.54,1440.54,1296.48,1584.59
Tomato,Maharashtra,Mandi,2025-11-04,33.84,33.84,30.46,37.23
Onion,Haryana,Mandi,2025-10-01,22.1,22.1,19.89,24.31
Potato,Karnataka,Mandi,2025-07-15,16.13,16.13,14.52,17.74
Cotton,Maharashtra,Wholesale Market,2025-06-11,6071.05,6071.05,5463.94,6678.15
Rice,Haryana,Wholesale Market,2025-11-20,2126.48,2126.48,1913.83,2339.13
Tomato,Maharashtra,Agricultural Market,2025-10-17,28.47,28.47,25.63,31.32
Potato,Maharashtra,APMC Market,2025-11-08,20.08,20.08,18.07,22.09
Rice,Haryana,Agricultural Market,2025-08-01,2084.16,2084.16,1875.74,2292.58
Potato,Karnataka,Agricultural Market,2025-07-31,21.87,21.87,19.68,24.06
Onion,Karnataka,Mandi,2025-11-06,21.24,21.24,19.11,23.36
Wheat,Haryana,APMC Market,2025-07-05,2565.6,2565.6,2309.04,2822.16
Tomato,Maharashtra,Agricultural Market,2025-10-29,21.6,21.6,19.44,23.76
Potato,Uttar Pradesh,APMC Market,2025-10-19,20.58,20.58,18.52,22.64
Onion,Uttar Pradesh,APMC Market,2025-11-16,18.92,18.92,17.03,20.82
Potato,Maharashtra,Wholesale Market,2025-09-18,15.44,15.44,13.89,16.98
Tomato,Tamil Nadu,Wholesale Market,2025-10-01,24.86,24.86,22.37,27.34
Sugarcane,Haryana,Agricultural Market,2025-07-11,313.69,313.69,282.32,345.06
Cotton,Punjab,Agricultural Market,2025-11-01,6079.51,6079.51,5471.56,6687.46
Wheat,Uttar Pradesh,Wholesale Market,2025-07-07,1427.67,1427.67,1284.91,1570.44
Sugarcane,Maharashtra,Wholesale Market,2025-10-29,344.51,344.51,310.06,378.96
Sugarcane,Tamil Nadu,APMC Market,2025-11-21,223.27,223.27,200.94,245.6
Sugarcane,Tamil Nadu,Agricultural Market,2025-09-03,235.9,235.9,212.31,259.49
Rice,Maharashtra,APMC Market,2025-09-02,2445.53,2445.53,2200.98,2690.08
Tomato,Uttar Pradesh,APMC Market,2025-07-21,26.4,26.4,23.76,29.04
Onion,Punjab,APMC Market,2025-09-19,22.9,22.9,20.61,25.19
Onion,Tamil Nadu,Agricultural Market,2025-06-06,25.93,25.93,23.34,28.52
Rice,Maharashtra,APMC Market,2025-08-11,2197.71,2197.71,1977.94,2417.48
Wheat,Uttar Pradesh,APMC Market,2025-08-04,2178.57,2178.57,1960.71,2396.43
Cotton,Tamil Nadu,Mandi,2025-11-02,6028.82,6028.82,5425.94,6631.71
Onion,Tamil Nadu,Agricultural Market,2025-10-21,25.02,25.02,22.52,27.52
Potato,Uttar Pradesh,Wholesale Market,2025-06-02,20.84,20.84,18.76,22.93
Sugarcane,Haryana,Agricultural Market,2025-07-03,308.92,308.92,278.03,339.81
Cotton,Maharashtra,APMC Market,2025-11-21,5295.66,5295.66,4766.09,5825.23
Tomato,Punjab,Mandi,2025-10-28,28.97,28.97,26.07,31.87
Rice,Karnataka,Wholesale Market,2025-10-24,2416.74,2416.74,2175.06,2658.41
Sugarcane,Punjab,Wholesale Market,2025-09-07,286.25,286.25,257.62,314.87
Onion,Punjab,Agricultural Market,2025-06-05,31.17,31.17,28.05,34.28
Sugarcane,Maharashtra,Mandi,2025-11-15,386.99,386.99,348.29,425.69
Potato,Haryana,APMC Market,2025-08-11,15.31,15.31,13.78,16.84
Potato,Haryana,APMC Market,2025-08-17,17.37,17.37,15.63,19.11
Sugarcane,Karnataka,Wholesale Market,2025-08-20,273.4,273.4,246.06,300.74
Wheat,Punjab,Mandi,2025-08-24,2183.21,2183.21,1964.89,2401.54
Cotton,Maharashtra,Wholesale Market,2025-07-25,5035.6,5035.6,4532.04,5539.16
Sugarcane,Tamil Nadu,Wholesale Market,2025-07-17,222.4,222.4,200.16,244.64
Onion,Karnataka,Wholesale Market,2025-10-03,30.81,30.81,27.73,33.89
Wheat,Karnataka,Mandi,2025-09-28,2533.15,2533.15,2279.84,2786.47
Onion,Uttar Pradesh,Agricultural Market,2025-08-13,22.75,22.75,20.48,25.03
Cotton,Haryana,APMC Market,2025-09-18,3531.59,3531.59,3178.43,3884.75
Cotton,Punjab,Mandi,2025-08-01,5083.72,5083.72,4575.35,5592.09
Tomato,Punjab,Wholesale Market,2025-09-17,30.09,30.09,27.08,33.1
Cotton,Haryana,APMC Market,2025-06-18,4548.61,4548.61,4093.75,5003.47
Wheat,Karnataka,Wholesale Market,2025-06-15,2269.95,2269.95,2042.95,2496.94
Potato,Haryana,Wholesale Market,2025-07-19,21.78,21.78,19.6,23.96
Wheat,Tamil Nadu,Mandi,2025-07-09,1801.05,1801.05,1620.94,1981.15
Potato,Haryana,APMC Market,2025-10-25,21.03,21.03,18.93,23.13
Potato,Karnataka,Mandi,2025-11-15,22.78,22.78,20.5,25.06
Potato,Haryana,Agricultural Market,2025-07-11,17.36,17.36,15.62,19.09
Onion,Uttar Pradesh,APMC Market,2025-06-09,27.98,27.98,25.18,30.77
Sugarcane,Karnataka,APMC Market,2025-08-24,274.42,274.42,246.98,301.86
Tomato,Punjab,APMC Market,2025-06-16,24.87,24.87,22.38,27.36
Tomato,Tamil Nadu,Mandi,2025-10-29,32.59,32.59,29.33,35.85
Potato,Maharashtra,APMC Market,2025-08-22,17.22,17.22,15.5,18.94
Onion,Uttar Pradesh,Mandi,2025-08-05,28.36,28.36,25.52,31.19
Wheat,Haryana,APMC Market,2025-09-03,1825.69,1825.69,1643.12,2008.26
Sugarcane,Maharashtra,Mandi,2025-11-13,304.68,304.68,274.21,335.14
Potato,Maharashtra,Wholesale Market,2025-07-28,17.57,17.57,15.81,19.33
Sugarcane,Karnataka,Mandi,2025-11-23,257.09,257.09,231.38,282.8
Sugarcane,Punjab,Mandi,2025-11-20,250.43,250.43,225.38,275.47
Sugarcane,Maharashtra,Mandi,2025-11-05,334.39,334.39,300.95,367.83
Sugarcane,Punjab,Agricultural Market,2025-11-11,363.7,363.7,327.33,400.07
Sugarcane,Uttar Pradesh,Agricultural Market,2025-10-20,354.56,354.56,319.11,390.02
Rice,Tamil Nadu,Mandi,2025-09-14,2068.91,2068.91,1862.02,2275.8
Cotton,Punjab,APMC Market,2025-08-21,5158.93,5158.93,4643.04,5674.82
Tomato,Maharashtra,Mandi,2025-08-27,37.77,37.77,34.0,41.55
Tomato,Tamil Nadu,Wholesale Market,2025-09-24,35.98,35.98,32.39,39.58
Wheat,Punjab,APMC Market,2025-09-15,1700.02,1700.02,1530.02,1870.02
Tomato,Maharashtra,APMC Market,2025-11-11,22.1,22.1,19.89,24.31
Sugarcane,Maharashtra,APMC Market,2025-08-24,212.78,212.78,191.5,234.06
Potato,Haryana,Mandi,2025-11-10,22.15,22.15,19.94,24.37
Tomato,Karnataka,Wholesale Market,2025-07-22,37.55,37.55,33.8,41.31
Sugarcane,Uttar Pradesh,Wholesale Market,2025-08-07,318.09,318.09,286.28,349.9
Tomato,Punjab,APMC Market,2025-07-26,22.72,22.72,20.45,24.99
Sugarcane,Maharashtra,Agricultural Market,2025-10-22,347.06,347.06,312.36,381.77
Rice,Uttar Pradesh,Mandi,2025-08-31,3200.07,3200.07,2880.06,3520.08
Potato,Uttar Pradesh,Agricultural Market,2025-10-22,24.53,24.53,22.08,26.99
Tomato,Punjab,Agricultural Market,2025-08-21,38.94,38.94,35.04,42.83
Onion,Uttar Pradesh,Mandi,2025-05-29,20.38,20.38,18.34,22.41
Potato,Karnataka,APMC Market,2025-07-25,20.89,20.89,18.8,22.98
Cotton,Maharashtra,Wholesale Market,2025-07-06,6420.74,6420.74,5778.66,7062.81
Potato,Maharashtra,Agricultural Market,2025-11-05,25.15,25.15,22.64,27.67
Onion,Karnataka,Agricultural Market,2025-07-03,24.25,24.25,21.83,26.68
Cotton,Karnataka,Mandi,2025-09-05,4120.93,4120.93,3708.84,4533.02
Potato,Punjab,Agricultural Market,2025-06-25,21.4,21.4,19.26,23.54
Onion,Uttar Pradesh,Wholesale Market,2025-06-21,27.31,27.31,24.58,30.04
Rice,Maharashtra,Mandi,2025-07-03,2164.29,2164.29,1947.86,2380.72
Potato,Uttar Pradesh,APMC Market,2025-06-14,20.17,20.17,18.15,22.19
Sugarcane,Punjab,APMC Market,2025-08-13,223.66,223.66,201.3,246.03
Wheat,Uttar Pradesh,Mandi,2025-11-08,2487.0,2487.0,2238.3,2735.7
Onion,Tamil Nadu,Mandi,2025-10-07,27.89,27.89,25.1,30.68
Sugarcane,Punjab,APMC Market,2025-09-11,375.6,375.6,338.04,413.16
Cotton,Uttar Pradesh,Wholesale Market,2025-09-08,5290.93,5290.93,4761.84,5820.02
Onion,Tamil Nadu,Mandi,2025-10-12,23.63,23.63,21.26,25.99
Rice,Karnataka,Agricultural Market,2025-06-29,1989.71,1989.71,1790.73,2188.68
Tomato,Punjab,Mandi,2025-06-08,26.49,26.49,23.84,29.14
Wheat,Maharashtra,APMC Market,2025-10-27,1643.57,1643.57,1479.21,1807.93
Cotton,Maharashtra,Agricultural Market,2025-11-22,5319.16,5319.16,4787.24,5851.07
Sugarcane,Maharashtra,APMC Market,2025-08-13,288.87,288.87,259.99,317.76
Potato,Punjab,APMC Market,2025-06-13,14.53,14.53,13.08,15.98
Wheat,Karnataka,APMC Market,2025-06-27,2232.37,2232.37,2009.13,2455.6
Rice,Uttar Pradesh,Wholesale Market,2025-09-10,2839.36,2839.36,2555.43,3123.3
Rice,Punjab,Agricultural Market,2025-11-17,3010.05,3010.05,2709.04,3311.05
Wheat,Maharashtra,APMC Market,2025-06-20,2097.01,2097.01,1887.31,2306.71
Rice,Maharashtra,Agricultural Market,2025-07-31,3216.03,3216.03,2894.43,3537.63
Rice,Punjab,Wholesale Market,2025-08-10,2508.73,2508.73,2257.86,2759.6
Tomato,Tamil Nadu,Wholesale Market,2025-10-06,32.69,32.69,29.42,35.96
Tomato,Karnataka,Mandi,2025-07-18,34.28,34.28,30.85,37.7
Sugarcane,Maharashtra,APMC Market,2025-09-14,272.15,272.15,244.94,299.37
Potato,Haryana,Wholesale Market,2025-11-21,21.84,21.84,19.66,24.03
Wheat,Maharashtra,APMC Market,2025-10-01,1999.94,1999.94,1799.95,2199.94
Wheat,Haryana,Agricultural Market,2025-10-02,2134.46,2134.46,1921.01,2347.9
Cotton,Haryana,Agricultural Market,2025-09-23,4299.64,4299.64,3869.68,4729.61
Onion,Haryana,APMC Market,2025-10-24,20.01,20.01,18.01,22.01
Rice,Haryana,Agricultural Market,2025-10-28,2249.01,2249.01,2024.11,2473.91
Rice,Karnataka,Agricultural Market,2025-06-28,1977.67,1977.67,1779.9,2175.43
Onion,Karnataka,Wholesale Market,2025-09-11,19.84,19.84,17.86,21.83
Wheat,Uttar Pradesh,Wholesale Market,2025-06-11,2276.56,2276.56,2048.9,2504.22
Sugarcane,Tamil Nadu,Mandi,2025-11-03,245.73,245.73,221.16,270.31
Sugarcane,Tamil Nadu,APMC Market,2025-09-07,311.35,311.35,280.21,342.48
Potato,Tamil Nadu,Agricultural Market,2025-09-07,22.92,22.92,20.62,25.21
Tomato,Uttar Pradesh,APMC Market,2025-07-26,24.81,24.81,22.33,27.29
Sugarcane,Uttar Pradesh,Agricultural Market,2025-08-20,381.58,381.58,343.42,419.74
Rice,Haryana,APMC Market,2025-09-01,2022.04,2022.04,1819.84,2224.25
Potato,Punjab,Mandi,2025-08-06,16.09,16.09,14.48,17.69
Wheat,Uttar Pradesh,Wholesale Market,2025-11-23,1422.39,1422.39,1280.15,1564.62
Tomato,Uttar Pradesh,Mandi,2025-11-03,23.49,23.49,21.14,25.84
Sugarcane,Uttar Pradesh,Agricultural Market,2025-09-13,224.15,224.15,201.74,246.57
Sugarcane,Tamil Nadu,APMC Market,2025-10-28,212.51,212.51,191.26,233.76
Onion,Tamil Nadu,APMC Market,2025-06-24,30.32,30.32,27.29,33.35
Sugarcane,Uttar Pradesh,Mandi,2025-08-03,229.09,229.09,206.18,252.0
Onion,Karnataka,Mandi,2025-09-26,25.79,25.79,23.21,28.37
Potato,Maharashtra,APMC Market,2025-08-16,20.32,20.32,18.29,22.36
Sugarcane,Maharashtra,Mandi,2025-11-21,238.11,238.11,214.3,261.93
Tomato,Haryana,APMC Market,2025-07-09,21.1,21.1,18.99,23.21
Rice,Maharashtra,Agricultural Market,2025-06-13,2068.45,2068.45,1861.61,2275.3
Sugarcane,Punjab,APMC Market,2025-06-12,315.6,315.6,284.04,347.16
Potato,Haryana,Agricultural Market,2025-11-16,25.7,25.7,23.13,28.27
Potato,Punjab,APMC Market,2025-10-02,15.28,15.28,13.75,16.81
Rice,Uttar Pradesh,APMC Market,2025-05-28,2344.52,2344.52,2110.07,2578.98
Potato,Uttar Pradesh,Mandi,2025-08-10,15.59,15.59,14.03,17.15
Wheat,Uttar Pradesh,Agricultural Market,2025-08-06,2208.8,2208.8,1987.92,2429.68
Potato,Tamil Nadu,Agricultural Market,2025-11-11,25.45,25.45,22.9,27.99
Rice,Maharashtra,Mandi,2025-11-08,3171.41,3171.41,2854.27,3488.55
Rice,Punjab,APMC Market,2025-10-23,1883.79,1883.79,1695.41,2072.17
Rice,Maharashtra,Agricultural Market,2025-09-19,2584.37,2584.37,2325.93,2842.8
Sugarcane,Uttar Pradesh,Mandi,2025-07-24,322.72,322.72,290.45,354.99
Onion,Haryana,APMC Market,2025-10-09,20.11,20.11,18.1,22.12
Cotton,Maharashtra,Wholesale Market,2025-10-30,5914.25,5914.25,5322.83,6505.68
Potato,Karnataka,Wholesale Market,2025-11-20,23.92,23.92,21.53,26.32
Cotton,Punjab,Wholesale Market,2025-08-19,4084.51,4084.51,3676.06,4492.96
Potato,Haryana,Mandi,2025-07-13,21.55,21.55,19.4,23.71
Sugarcane,Uttar Pradesh,APMC Market,2025-10-12,284.1,284.1,255.69,312.51
Cotton,Tamil Nadu,Agricultural Market,2025-10-14,4735.4,4735.4,4261.86,5208.94
Onion,Punjab,Mandi,2025-09-01,31.4,31.4,28.26,34.54
Rice,Uttar Pradesh,Agricultural Market,2025-10-02,3162.01,3162.01,2845.8,3478.21
Sugarcane,Tamil Nadu,Wholesale Market,2025-09-23,227.98,227.98,205.18,250.77
Tomato,Karnataka,Mandi,2025-08-20,30.01,30.01,27.01,33.01
Potato,Haryana,Agricultural Market,2025-07-25,22.03,22.03,19.83,24.23
Potato,Uttar Pradesh,Mandi,2025-06-05,19.25,19.25,17.32,21.17
Cotton,Punjab,Agricultural Market,2025-11-05,6454.47,6454.47,5809.02,7099.92
Wheat,Punjab,Mandi,2025-09-03,2343.37,2343.37,2109.04,2577.71
Cotton,Karnataka,Mandi,2025-07-29,5611.36,5611.36,5050.22,6172.49
Wheat,Punjab,Mandi,2025-09-08,2518.17,2518.17,2266.35,2769.99
Cotton,Karnataka,Mandi,2025-07-02,5807.79,5807.79,5227.02,6388.57
Rice,Tamil Nadu,Agricultural Market,2025-06-05,2468.87,2468.87,2221.99,2715.76
Onion,Tamil Nadu,Wholesale Market,2025-06-10,29.79,29.79,26.81,32.77
Cotton,Tamil Nadu,Wholesale Market,2025-09-01,6424.38,6424.38,5781.94,7066.81
Onion,Haryana,Agricultural Market,2025-10-23,21.61,21.61,19.45,23.77
Wheat,Karnataka,Agricultural Market,2025-11-11,2159.53,2159.53,1943.58,2375.49
Sugarcane,Punjab,Mandi,2025-11-12,327.36,327.36,294.62,360.09
Cotton,Haryana,Agricultural Market,2025-10-18,4898.0,4898.0,4408.2,5387.8
Potato,Uttar Pradesh,Mandi,2025-11-23,23.77,23.77,21.39,26.15
Onion,Maharashtra,Mandi,2025-11-22,29.08,29.08,26.17,31.99
Sugarcane,Tamil Nadu,Agricultural Market,2025-08-29,349.69,349.69,314.73,384.66
Cotton,Tamil Nadu,APMC Market,2025-09-06,5334.39,5334.39,4800.95,5867.83
Wheat,Karnataka,APMC Market,2025-08-19,2119.68,2119.68,1907.71,2331.65
Wheat,Maharashtra,Agricultural Market,2025-07-08,1685.96,1685.96,1517.36,1854.55
Cotton,Haryana,Mandi,2025-08-12,4523.44,4523.44,4071.1,4975.78
Onion,Haryana,Mandi,2025-10-21,25.33,25.33,22.8,27.87
Sugarcane,Punjab,Wholesale Market,2025-09-22,333.85,333.85,300.46,367.23
Sugarcane,Karnataka,APMC Market,2025-07-27,257.67,257.67,231.9,283.43
Sugarcane,Maharashtra,APMC Market,2025-08-04,331.82,331.82,298.64,365.0
Sugarcane,Tamil Nadu,APMC Market,2025-11-07,354.65,354.65,319.18,390.11
Onion,Punjab,Wholesale Market,2025-08-10,24.34,24.34,21.9,26.77
Onion,Tamil Nadu,APMC Market,2025-09-21,28.81,28.81,25.93,31.69
Onion,Maharashtra,APMC Market,2025-07-10,22.02,22.02,19.82,24.22
Onion,Karnataka,APMC Market,2025-07-29,31.22,31.22,28.1,34.34
Tomato,Karnataka,APMC Market,2025-06-01,35.85,35.85,32.26,39.43
Onion,Haryana,Agricultural Market,2025-10-21,27.37,27.37,24.63,30.1
Potato,Haryana,APMC Market,2025-08-13,14.56,14.56,13.11,16.02
Sugarcane,Haryana,APMC Market,2025-06-10,331.62,331.62,298.46,364.79
Cotton,Maharashtra,APMC Market,2025-09-23,4780.06,4780.06,4302.06,5258.07
Rice,Tamil Nadu,APMC Market,2025-06-12,2089.4,2089.4,1880.46,2298.34
Onion,Uttar Pradesh,Agricultural Market,2025-07-05,30.54,30.54,27.48,33.59
Onion,Maharashtra,Mandi,2025-09-16,17.8,17.8,16.02,19.58
Onion,Haryana,APMC Market,2025-08-22,22.92,22.92,20.63,25.21
Tomato,Uttar Pradesh,Mandi,2025-09-13,29.92,29.92,26.93,32.91
Sugarcane,Haryana,Mandi,2025-08-05,326.87,326.87,294.18,359.56
Wheat,Tamil Nadu,Wholesale Market,2025-07-01,1858.47,1858.47,1672.62,2044.31
Wheat,Haryana,APMC Market,2025-08-02,2326.55,2326.55,2093.89,2559.2
Onion,Maharashtra,Mandi,2025-10-09,21.68,21.68,19.51,23.85
Potato,Maharashtra,Agricultural Market,2025-06-20,23.45,23.45,21.1,25.79
Cotton,Tamil Nadu,Mandi,2025-06-13,3688.02,3688.02,3319.22,4056.83
Rice,Maharashtra,APMC Market,2025-10-08,2343.0,2343.0,2108.7,2577.3
Tomato,Punjab,APMC Market,2025-10-08,29.2,29.2,26.28,32.12
Sugarcane,Uttar Pradesh,Agricultural Market,2025-09-20,309.0,309.0,278.1,339.9
Tomato,Haryana,APMC Market,2025-09-28,23.66,23.66,21.29,26.03
Cotton,Punjab,Agricultural Market,2025-09-17,4395.2,4395.2,3955.68,4834.72
Cotton,Uttar Pradesh,Mandi,2025-09-23,5102.92,5102.92,4592.63,5613.21
Sugarcane,Tamil Nadu,APMC Market,2025-09-20,300.11,300.11,270.1,330.12
Wheat,Karnataka,Agricultural Market,2025-09-09,2275.69,2275.69,2048.12,2503.26
Wheat,Punjab,APMC Market,2025-11-11,2012.13,2012.13,1810.92,2213.35
Rice,Tamil Nadu,Agricultural Market,2025-08-01,2786.59,2786.59,2507.93,3065.25
Onion,Karnataka,Mandi,2025-09-05,25.3,25.3,22.77,27.83
Onion,Haryana,Mandi,2025-11-02,21.38,21.38,19.24,23.52
Onion,Karnataka,Mandi,2025-09-23,27.01,27.01,24.31,29.71
Tomato,Maharashtra,Mandi,2025-10-07,31.41,31.41,28.27,34.55
Cotton,Haryana,Agricultural Market,2025-06-02,3987.76,3987.76,3588.98,4386.54
Sugarcane,Punjab,Agricultural Market,2025-08-15,320.12,320.12,288.11,352.13
Tomato,Haryana,Wholesale Market,2025-09-19,36.44,36.44,32.8,40.09
Tomato,Tamil Nadu,APMC Market,2025-08-23,22.06,22.06,19.86,24.27
Sugarcane,Uttar Pradesh,Agricultural Market,2025-06-06,233.11,233.11,209.8,256.42
Potato,Uttar Pradesh,Agricultural Market,2025-06-26,15.09,15.09,13.58,16.6
Rice,Karnataka,Mandi,2025-06-24,2075.69,2075.69,1868.12,2283.26
Sugarcane,Tamil Nadu,Mandi,2025-07-03,341.21,341.21,307.09,375.33
Sugarcane,Tamil Nadu,Mandi,2025-10-05,358.55,358.55,322.69,394.4
Onion,Haryana,Agricultural Market,2025-05-28,28.7,28.7,25.83,31.57
Potato,Haryana,APMC Market,2025-10-23,19.97,19.97,17.97,21.96
Onion,Punjab,Agricultural Market,2025-08-27,26.59,26.59,23.93,29.25
Rice,Uttar Pradesh,APMC Market,2025-06-22,2324.03,2324.03,2091.63,2556.43
Cotton,Uttar Pradesh,Mandi,2025-06-12,6285.38,6285.38,5656.84,6913.91
Potato,Haryana,Mandi,2025-06-22,24.39,24.39,21.95,26.83
Tomato,Tamil Nadu,Wholesale Market,2025-09-25,36.94,36.94,33.25,40.64
Wheat,Maharashtra,Wholesale Market,2025-07-19,2073.23,2073.23,1865.91,2280.56
Rice,Haryana,Wholesale Market,2025-07-10,2236.63,2236.63,2012.96,2460.29
Tomato,Maharashtra,Agricultural Market,2025-11-16,26.98,26.98,24.28,29.68
Tomato,Karnataka,Agricultural Market,2025-08-06,35.2,35.2,31.68,38.72
Potato,Tamil Nadu,Mandi,2025-09-08,16.81,16.81,15.13,18.49
Rice,Uttar Pradesh,Mandi,2025-06-21,1757.17,1757.17,1581.45,1932.89
Tomato,Tamil Nadu,Wholesale Market,2025-10-08,31.09,31.09,27.98,34.19
Cotton,Haryana,APMC Market,2025-11-18,4900.24,4900.24,4410.22,5390.26
Rice,Tamil Nadu,Agricultural Market,2025-08-02,2005.37,2005.37,1804.83,2205.91
Cotton,Maharashtra,APMC Market,2025-08-08,4337.42,4337.42,3903.68,4771.16
Onion,Uttar Pradesh,Mandi,2025-08-22,26.06,26.06,23.45,28.66
Potato,Tamil Nadu,Agricultural Market,2025-07-04,15.86,15.86,14.27,17.44
Tomato,Maharashtra,Wholesale Market,2025-06-17,24.82,24.82,22.34,27.3
Tomato,Haryana,Wholesale Market,2025-09-27,35.82,35.82,32.24,39.4
Wheat,Uttar Pradesh,APMC Market,2025-08-13,1696.23,1696.23,1526.6,1865.85
Rice,Karnataka,Agricultural Market,2025-10-28,1768.85,1768.85,1591.97,1945.74
Sugarcane,Uttar Pradesh,APMC Market,2025-08-01,377.63,377.63,339.87,415.4
Rice,Karnataka,Wholesale Market,2025-08-25,2538.16,2538.16,2284.34,2791.98
Wheat,Maharashtra,Wholesale Market,2025-09-03,2014.13,2014.13,1812.72,2215.54
Cotton,Uttar Pradesh,Agricultural Market,2025-08-19,3917.79,3917.79,3526.01,4309.57
Cotton,Uttar Pradesh,APMC Market,2025-07-29,5800.45,5800.45,5220.41,6380.5
Cotton,Maharashtra,APMC Market,2025-11-21,4020.55,4020.55,3618.49,4422.6
Sugarcane,Karnataka,Mandi,2025-06-17,254.58,254.58,229.12,280.04
Tomato,Karnataka,APMC Market,2025-10-29,38.57,38.57,34.72,42.43
Wheat,Haryana,Agricultural Market,2025-08-31,2190.77,2190.77,1971.69,2409.84
Tomato,Haryana,Agricultural Market,2025-07-11,33.53,33.53,30.18,36.88
Sugarcane,Karnataka,Mandi,2025-09-20,321.82,321.82,289.64,354.0
Potato,Haryana,Wholesale Market,2025-08-27,23.91,23.91,21.52,26.31
Wheat,Punjab,Wholesale Market,2025-11-20,1672.65,1672.65,1505.39,1839.92
Cotton,Maharashtra,Wholesale Market,2025-07-09,4482.83,4482.83,4034.54,4931.11
Rice,Tamil Nadu,APMC Market,2025-05-29,3227.3,3227.3,2904.57,3550.03
Wheat,Punjab,Wholesale Market,2025-10-14,2056.48,2056.48,1850.83,2262.12
Onion,Punjab,Mandi,2025-10-21,30.13,30.13,27.12,33.15
Sugarcane,Karnataka,APMC Market,2025-09-07,341.8,341.8,307.62,375.98
Rice,Karnataka,Wholesale Market,2025-07-02,2810.78,2810.78,2529.7,3091.86
Cotton,Tamil Nadu,APMC Market,2025-08-10,4804.4,4804.4,4323.96,5284.84
Rice,Maharashtra,Wholesale Market,2025-10-30,3081.54,3081.54,2773.39,3389.69
Sugarcane,Punjab,Wholesale Market,2025-09-06,221.26,221.26,199.14,243.39
Cotton,Punjab,APMC Market,2025-06-23,3820.87,3820.87,3438.79,4202.96
Sugarcane,Punjab,Wholesale Market,2025-11-10,384.99,384.99,346.49,423.49
Onion,Punjab,Wholesale Market,2025-09-09,24.95,24.95,22.45,27.44
Tomato,Maharashtra,Agricultural Market,2025-07-11,24.92,24.92,22.43,27.41
Tomato,Punjab,APMC Market,2025-09-13,34.52,34.52,31.07,37.98
Potato,Maharashtra,Mandi,2025-07-22,18.15,18.15,16.34,19.97
Wheat,Maharashtra,Mandi,2025-10-05,2556.61,2556.61,2300.95,2812.27
Onion,Punjab,Agricultural Market,2025-11-23,24.02,24.02,21.62,26.42
Tomato,Punjab,Mandi,2025-06-28,31.04,31.04,27.94,34.15
Wheat,Punjab,Agricultural Market,2025-11-18,1701.65,1701.65,1531.49,1871.82
Onion,Punjab,Mandi,2025-11-06,24.25,24.25,21.83,26.68
Cotton,Tamil Nadu,Agricultural Market,2025-11-24,5037.49,5037.49,4533.74,5541.24
Potato,Karnataka,Wholesale Market,2025-06-25,14.63,14.63,13.17,16.09
Sugarcane,Uttar Pradesh,Mandi,2025-07-09,218.26,218.26,196.44,240.09
Tomato,Uttar Pradesh,Agricultural Market,2025-08-04,34.11,34.11,30.7,37.52
Potato,Punjab,APMC Market,2025-07-09,20.56,20.56,18.5,22.61
Wheat,Punjab,Agricultural Market,2025-06-05,1569.96,1569.96,1412.97,1726.96
Wheat,Haryana,Mandi,2025-08-22,2036.54,2036.54,1832.88,2240.19
Potato,Maharashtra,Wholesale Market,2025-06-22,21.52,21.52,19.37,23.68
Wheat,Haryana,APMC Market,2025-09-21,2543.3,2543.3,2288.97,2797.63
Cotton,Uttar Pradesh,Wholesale Market,2025-10-19,4207.12,4207.12,3786.41,4627.83
Tomato,Maharashtra,Mandi,2025-07-07,22.25,22.25,20.03,24.48
Cotton,Tamil Nadu,Agricultural Market,2025-08-13,4362.96,4362.96,3926.66,4799.25
Onion,Haryana,Wholesale Market,2025-08-02,27.89,27.89,25.1,30.68
Tomato,Maharashtra,Agricultural Market,2025-09-29,22.36,22.36,20.13,24.6
Cotton,Haryana,Mandi,2025-10-10,6392.08,6392.08,5752.87,7031.29
Onion,Karnataka,Mandi,2025-10-13,26.92,26.92,24.23,29.62
Sugarcane,Maharashtra,Agricultural Market,2025-09-27,217.04,217.04,195.34,238.75
